#
# A fatal error has been detected by the Java Runtime Environment:
#
#  SIGFPE (0x8) at pc=0x00000001882b3c34, pid=7382, tid=259
#
# JRE version: OpenJDK Runtime Environment Homebrew (25.0.2) (build 25.0.2)
# Java VM: OpenJDK 64-Bit Server VM Homebrew (25.0.2, mixed mode, emulated-client, sharing, tiered, compressed oops, compressed class ptrs, g1 gc, bsd-aarch64)
# Problematic frame:
# C  [libsystem_kernel.dylib+0xc34]  mach_msg2_trap+0x8
#
# No core dump will be written. Core dumps have been disabled. To enable core dumping, try "ulimit -c unlimited" before starting Java again
#
# If you would like to submit a bug report, please visit:
#   https://github.com/Homebrew/homebrew-core/issues
#

---------------  S U M M A R Y ------------

Command Line: -XX:TieredStopAtLevel=1 -Dspring.output.ansi.enabled=always -javaagent:/Applications/IntelliJ IDEA.app/Contents/lib/idea_rt.jar=51078 -Dfile.encoding=UTF-8 -Dsun.stdout.encoding=UTF-8 -Dsun.stderr.encoding=UTF-8 com.example.api_gateway.ApiGatewayApplication

Host: "Mac14,2" arm64, 8 cores, 16G, Darwin 25.4.0, macOS 26.4 (25E246)
Time: Fri Apr 10 11:47:20 2026 IST elapsed time: 1748.896463 seconds (0d 0h 29m 8s)

---------------  T H R E A D  ---------------

Current thread is native thread

Stack: [0x000000016ef2c000,0x000000016f728000],  sp=0x000000016f721540,  free space=8149k
Native frames: (J=compiled Java code, j=interpreted, Vv=VM code, C=native code)
C  [libsystem_kernel.dylib+0xc34]  mach_msg2_trap+0x8
C  [libsystem_kernel.dylib+0x99c0]  mach_msg_overwrite+0x1e0
C  [libsystem_kernel.dylib+0xfc0]  mach_msg+0x18
C  [CoreFoundation+0x7dd68]  __CFRunLoopServiceMachPort+0xa0
C  [CoreFoundation+0x7c654]  __CFRunLoopRun+0x4a4
C  [CoreFoundation+0x14ebe0]  _CFRunLoopRunSpecificWithOptions+0x214
C  [libjli.dylib+0x7dc8]  CreateExecutionEnvironment+0x198
C  [libjli.dylib+0x3db8]  JLI_Launch+0x248
C  [java+0x101c]  main+0x184
C  [dyld+0x1fda4]  start+0x1b50

siginfo: si_signo: 8 (SIGFPE), si_code: 0 (unknown), si_addr: 0x00000001882b3c34

Registers:
 x0=0x0000000010004005  x1=0x0000000507000806  x2=0x0000000200000000  x3=0x00000a0300000000
 x4=0x0000000000000000  x5=0x00000a0300000000  x6=0x0000000000000002  x7=0x00000000ffffffff
 x8=0x0000000000000000  x9=0x0000000400000000 x10=0x0000000000000000 x11=0x0000000000000002
x12=0x0000000000000000 x13=0x0000000000000000 x14=0x0000000000000a03 x15=0x0000000000000000
x16=0xffffffffffffffd1 x17=0x0000000000001cef x18=0x0000000000000000 x19=0x00000000ffffffff
x20=0x0000000000000002 x21=0x00000a0300000000 x22=0x0000000000000000 x23=0x00000a0300000000
x24=0x0000000507000806 x25=0x000000016f721628 x26=0x0000000200000000 x27=0xfffffffffffffbbf
x28=0x0000000107000806  fp=0x000000016f721590  lr=0x00000001882c6574  sp=0x000000016f721540
pc=0x00000001882b3c34 cpsr=0x0000000000001000

Top of Stack: (sp=0x000000016f721540)
0x000000016f721540:   0000000107000806 00000001f410d000   ................
0x000000016f721550:   0000000100e84e70 0000000000000000   pN..............
0x000000016f721560:   0000000000000000 00000000ffffffff   ................
0x000000016f721570:   0000000000000000 0000000000000c00   ................
0x000000016f721580:   000000016f721830 0000000107000806   0.ro............
0x000000016f721590:   000000016f7216b0 00000001882bc9c0   ..ro......+.....
0x000000016f7215a0:   0000000000000a03 00000002e2bcbe28   ........(.......
0x000000016f7215b0:   00000002e2aa90e8 00000002e2be49a0   .........I......
0x000000016f7215c0:   00000002e2b51d10 00000002e2b52230   ........0"......
0x000000016f7215d0:   00000002e2aa98d0 00000002e2aa4c28   ........(L......
0x000000016f7215e0:   00000002e2a7fad8 00000002e2bdd110   ................
0x000000016f7215f0:   0000000000001b03 0000000000001903   ................
0x000000016f721600:   000000016f721660 0000000000000000   `.ro............
0x000000016f721610:   000000016f721650 000000018818cdc0   P.ro............
0x000000016f721620:   0000000000000000 000000016f721830   ........0.ro....
0x000000016f721630:   0000000000000000 00000c0000000000   ................
0x000000016f721640:   0000000100e84e70 0000000000000000   pN..............
0x000000016f721650:   0000008000000000 0000000188194e24   ........$N......
0x000000016f721660:   0000000010004004 0000000007000806   .@..............
0x000000016f721670:   0000000000000c00 000000016f721830   ........0.ro....
0x000000016f721680:   0000000000000a03 00000000ffffffff   ................
0x000000016f721690:   000000016f7217b8 000000016f7217b0   ..ro......ro....
0x000000016f7216a0:   000000016f7217a8 0000000000000000   ..ro............
0x000000016f7216b0:   000000016f7216d0 00000001882b3fc0   ..ro.....?+.....
0x000000016f7216c0:   0000000000000000 0000000000000000   ................
0x000000016f7216d0:   000000016f721740 00000001883b4d68   @.ro....hM;.....
0x000000016f7216e0:   000000016f721740 000000016f7217a4   @.ro......ro....
0x000000016f7216f0:   0000000000000a03 0000000000000000   ................
0x000000016f721700:   0000000000000001 00000000ffffffff   ................
0x000000016f721710:   000000016f721830 0000000000000001   0.ro............
0x000000016f721720:   0000000000001b03 0000000000001903   ................
0x000000016f721730:   0000000100e85320 0000000100e84a90    S.......J......

Instructions: (pc=0x00000001882b3c34)
  0x00000001882b3b34:   01 10 00 d4 c0 03 5f d6 30 03 80 92 01 10 00 d4
  0x00000001882b3b44:   c0 03 5f d6 50 03 80 92 01 10 00 d4 c0 03 5f d6
  0x00000001882b3b54:   70 03 80 92 01 10 00 d4 c0 03 5f d6 90 03 80 92
  0x00000001882b3b64:   01 10 00 d4 c0 03 5f d6 d0 03 80 92 01 10 00 d4
  0x00000001882b3b74:   c0 03 5f d6 f0 03 80 92 01 10 00 d4 c0 03 5f d6
  0x00000001882b3b84:   10 04 80 92 01 10 00 d4 c0 03 5f d6 30 04 80 92
  0x00000001882b3b94:   01 10 00 d4 c0 03 5f d6 50 04 80 92 01 10 00 d4
  0x00000001882b3ba4:   c0 03 5f d6 70 04 80 92 01 10 00 d4 c0 03 5f d6
  0x00000001882b3bb4:   90 04 80 92 01 10 00 d4 c0 03 5f d6 b0 04 80 92
  0x00000001882b3bc4:   01 10 00 d4 c0 03 5f d6 d0 04 80 92 01 10 00 d4
  0x00000001882b3bd4:   c0 03 5f d6 f0 04 80 92 01 10 00 d4 c0 03 5f d6
  0x00000001882b3be4:   10 05 80 92 01 10 00 d4 c0 03 5f d6 30 05 80 92
  0x00000001882b3bf4:   01 10 00 d4 c0 03 5f d6 50 05 80 92 01 10 00 d4
  0x00000001882b3c04:   c0 03 5f d6 70 05 80 92 01 10 00 d4 c0 03 5f d6
  0x00000001882b3c14:   90 05 80 92 01 10 00 d4 c0 03 5f d6 b0 05 80 92
  0x00000001882b3c24:   01 10 00 d4 c0 03 5f d6 d0 05 80 92 01 10 00 d4
=>0x00000001882b3c34:   c0 03 5f d6 f0 05 80 92 01 10 00 d4 c0 03 5f d6
  0x00000001882b3c44:   10 06 80 92 01 10 00 d4 c0 03 5f d6 30 06 80 92
  0x00000001882b3c54:   01 10 00 d4 c0 03 5f d6 50 06 80 92 01 10 00 d4
  0x00000001882b3c64:   c0 03 5f d6 70 06 80 92 01 10 00 d4 c0 03 5f d6
  0x00000001882b3c74:   90 06 80 92 01 10 00 d4 c0 03 5f d6 50 07 80 92
  0x00000001882b3c84:   01 10 00 d4 c0 03 5f d6 70 07 80 92 01 10 00 d4
  0x00000001882b3c94:   c0 03 5f d6 90 07 80 92 01 10 00 d4 c0 03 5f d6
  0x00000001882b3ca4:   b0 07 80 92 01 10 00 d4 c0 03 5f d6 d0 07 80 92
  0x00000001882b3cb4:   01 10 00 d4 c0 03 5f d6 b0 08 80 92 01 10 00 d4
  0x00000001882b3cc4:   c0 03 5f d6 f0 08 80 92 01 10 00 d4 c0 03 5f d6
  0x00000001882b3cd4:   70 09 80 92 01 10 00 d4 c0 03 5f d6 90 09 80 92
  0x00000001882b3ce4:   01 10 00 d4 c0 03 5f d6 f0 0a 80 92 01 10 00 d4
  0x00000001882b3cf4:   c0 03 5f d6 10 0b 80 92 01 10 00 d4 c0 03 5f d6
  0x00000001882b3d04:   30 0b 80 92 01 10 00 d4 c0 03 5f d6 50 0b 80 92
  0x00000001882b3d14:   01 10 00 d4 c0 03 5f d6 70 0b 80 92 01 10 00 d4
  0x00000001882b3d24:   c0 03 5f d6 90 0b 80 92 01 10 00 d4 c0 03 5f d6



---------------  P R O C E S S  ---------------

VM state: not at safepoint (normal execution)

VM Mutex/Monitor currently owned by a thread: None

Heap address: 0x0000000300800000, size: 4096 MB, Compressed Oops mode: Zero based, Oop shift amount: 3

CDS archive(s) mapped at: [0x00000fe000000000-0x00000fe000d94000-0x00000fe000d94000), size 14237696, SharedBaseAddress: 0x00000fe000000000, ArchiveRelocationMode: 1.
Compressed class space mapped at: 0x00000fe001000000-0x00000fe041000000, reserved size: 1073741824
UseCompressedClassPointers 1, UseCompactObjectHeaders 0
Narrow klass pointer bits 32, Max shift 3
Narrow klass base: 0x00000fe000000000, Narrow klass shift: 0
Encoding Range: [0x00000fe000000000 - 0x00000fe100000000), (4294967296 bytes)
Klass Range:    [0x00000fe000004000 - 0x00000fe041000000), (1090502656 bytes)
Klass ID Range:  [16384 - 1090519033) (1090502649)
Protection zone: [0x00000fe000000000 - 0x00000fe000004000), (16384 bytes)

GC Precious Log:
<Skipped>

Heap:
 garbage-first heap   total reserved 4194304K, committed 90112K, used 59283K [0x0000000300800000, 0x0000000400800000)
  region size 2048K, 15 young (30720K), 2 survivors (4096K)

Heap Regions: E=young(eden), S=young(survivor), O=old, HS=humongous(starts), HC=humongous(continues), CS=collection set, F=free, TAMS=top-at-mark-start, PB=parsable bottom
|   0|0x0000000300800000, 0x0000000300a00000, 0x0000000300a00000|100%| O|  |TAMS 0x0000000300800000| PB 0x0000000300800000| Untracked |  0
|   1|0x0000000300a00000, 0x0000000300c00000, 0x0000000300c00000|100%| O|  |TAMS 0x0000000300a00000| PB 0x0000000300a00000| Untracked |  0
|   2|0x0000000300c00000, 0x0000000300c00000, 0x0000000300e00000|  0%| F|  |TAMS 0x0000000300c00000| PB 0x0000000300c00000| Untracked |  0
|   3|0x0000000300e00000, 0x0000000301000000, 0x0000000301000000|100%| O|  |TAMS 0x0000000300e00000| PB 0x0000000300e00000| Untracked |  0
|   4|0x0000000301000000, 0x0000000301200000, 0x0000000301200000|100%| O|  |TAMS 0x0000000301000000| PB 0x0000000301000000| Untracked |  0
|   5|0x0000000301200000, 0x0000000301400000, 0x0000000301400000|100%| O|  |TAMS 0x0000000301200000| PB 0x0000000301200000| Untracked |  0
|   6|0x0000000301400000, 0x0000000301600000, 0x0000000301600000|100%| O|  |TAMS 0x0000000301400000| PB 0x0000000301400000| Untracked |  0
|   7|0x0000000301600000, 0x0000000301800000, 0x0000000301800000|100%| O|  |TAMS 0x0000000301600000| PB 0x0000000301600000| Untracked |  0
|   8|0x0000000301800000, 0x0000000301a00000, 0x0000000301a00000|100%| O|  |TAMS 0x0000000301800000| PB 0x0000000301800000| Untracked |  0
|   9|0x0000000301a00000, 0x0000000301c00000, 0x0000000301c00000|100%| O|  |TAMS 0x0000000301a00000| PB 0x0000000301a00000| Untracked |  0
|  10|0x0000000301c00000, 0x0000000301e00000, 0x0000000301e00000|100%| O|  |TAMS 0x0000000301c00000| PB 0x0000000301c00000| Untracked |  0
|  11|0x0000000301e00000, 0x0000000302000000, 0x0000000302000000|100%| O|  |TAMS 0x0000000301e00000| PB 0x0000000301e00000| Untracked |  0
|  12|0x0000000302000000, 0x0000000302200000, 0x0000000302200000|100%| O|  |TAMS 0x0000000302000000| PB 0x0000000302000000| Untracked |  0
|  13|0x0000000302200000, 0x0000000302400000, 0x0000000302400000|100%| O|  |TAMS 0x0000000302200000| PB 0x0000000302200000| Untracked |  0
|  14|0x0000000302400000, 0x0000000302600000, 0x0000000302600000|100%| O|  |TAMS 0x0000000302400000| PB 0x0000000302400000| Untracked |  0
|  15|0x0000000302600000, 0x00000003027b9528, 0x0000000302800000| 86%| O|  |TAMS 0x0000000302600000| PB 0x0000000302600000| Untracked |  0
|  16|0x0000000302800000, 0x0000000302800000, 0x0000000302a00000|  0%| F|  |TAMS 0x0000000302800000| PB 0x0000000302800000| Untracked |  0
|  17|0x0000000302a00000, 0x0000000302bca1e8, 0x0000000302c00000| 89%| S|CS|TAMS 0x0000000302a00000| PB 0x0000000302a00000| Complete |  0
|  18|0x0000000302c00000, 0x0000000302c00000, 0x0000000302e00000|  0%| F|  |TAMS 0x0000000302c00000| PB 0x0000000302c00000| Untracked |  0
|  19|0x0000000302e00000, 0x0000000302e00000, 0x0000000303000000|  0%| F|  |TAMS 0x0000000302e00000| PB 0x0000000302e00000| Untracked |  0
|  20|0x0000000303000000, 0x0000000303200000, 0x0000000303200000|100%| S|CS|TAMS 0x0000000303000000| PB 0x0000000303000000| Complete |  0
|  21|0x0000000303200000, 0x0000000303200000, 0x0000000303400000|  0%| F|  |TAMS 0x0000000303200000| PB 0x0000000303200000| Untracked |  0
|  22|0x0000000303400000, 0x0000000303400000, 0x0000000303600000|  0%| F|  |TAMS 0x0000000303400000| PB 0x0000000303400000| Untracked |  0
|  23|0x0000000303600000, 0x0000000303600000, 0x0000000303800000|  0%| F|  |TAMS 0x0000000303600000| PB 0x0000000303600000| Untracked |  0
|  24|0x0000000303800000, 0x0000000303800000, 0x0000000303a00000|  0%| F|  |TAMS 0x0000000303800000| PB 0x0000000303800000| Untracked |  0
|  25|0x0000000303a00000, 0x0000000303a00000, 0x0000000303c00000|  0%| F|  |TAMS 0x0000000303a00000| PB 0x0000000303a00000| Untracked |  0
|  26|0x0000000303c00000, 0x0000000303c00000, 0x0000000303e00000|  0%| F|  |TAMS 0x0000000303c00000| PB 0x0000000303c00000| Untracked |  0
|  27|0x0000000303e00000, 0x0000000303e00000, 0x0000000304000000|  0%| F|  |TAMS 0x0000000303e00000| PB 0x0000000303e00000| Untracked |  0
|  28|0x0000000304000000, 0x0000000304000000, 0x0000000304200000|  0%| F|  |TAMS 0x0000000304000000| PB 0x0000000304000000| Untracked |  0
|  29|0x0000000304200000, 0x0000000304200000, 0x0000000304400000|  0%| F|  |TAMS 0x0000000304200000| PB 0x0000000304200000| Untracked |  0
|  30|0x0000000304400000, 0x0000000304400000, 0x0000000304600000|  0%| F|  |TAMS 0x0000000304400000| PB 0x0000000304400000| Untracked |  0
|  31|0x0000000304600000, 0x0000000304661530, 0x0000000304800000| 19%| E|  |TAMS 0x0000000304600000| PB 0x0000000304600000| Complete |  1
|  32|0x0000000304800000, 0x0000000304a00000, 0x0000000304a00000|100%| E|CS|TAMS 0x0000000304800000| PB 0x0000000304800000| Complete |  0
|  33|0x0000000304a00000, 0x0000000304c00000, 0x0000000304c00000|100%| E|CS|TAMS 0x0000000304a00000| PB 0x0000000304a00000| Complete |  0
|  34|0x0000000304c00000, 0x0000000304e00000, 0x0000000304e00000|100%| E|CS|TAMS 0x0000000304c00000| PB 0x0000000304c00000| Complete |  0
|  35|0x0000000304e00000, 0x0000000305000000, 0x0000000305000000|100%| E|CS|TAMS 0x0000000304e00000| PB 0x0000000304e00000| Complete |  0
|  90|0x000000030bc00000, 0x000000030be00000, 0x000000030be00000|100%| E|CS|TAMS 0x000000030bc00000| PB 0x000000030bc00000| Complete |  0
|  91|0x000000030be00000, 0x000000030c000000, 0x000000030c000000|100%| E|CS|TAMS 0x000000030be00000| PB 0x000000030be00000| Complete |  0
|  92|0x000000030c000000, 0x000000030c200000, 0x000000030c200000|100%| E|CS|TAMS 0x000000030c000000| PB 0x000000030c000000| Complete |  0
|  93|0x000000030c200000, 0x000000030c400000, 0x000000030c400000|100%| E|CS|TAMS 0x000000030c200000| PB 0x000000030c200000| Complete |  0
|  94|0x000000030c400000, 0x000000030c600000, 0x000000030c600000|100%| E|CS|TAMS 0x000000030c400000| PB 0x000000030c400000| Complete |  0
|  95|0x000000030c600000, 0x000000030c800000, 0x000000030c800000|100%| E|CS|TAMS 0x000000030c600000| PB 0x000000030c600000| Complete |  0
| 127|0x0000000310600000, 0x0000000310800000, 0x0000000310800000|100%| E|CS|TAMS 0x0000000310600000| PB 0x0000000310600000| Complete |  0
|2047|0x0000000400600000, 0x0000000400800000, 0x0000000400800000|100%| E|CS|TAMS 0x0000000400600000| PB 0x0000000400600000| Complete |  0

Card table byte_map: [0x0000000112c80000,0x0000000113480000] _byte_map_base: 0x000000011147c000

Marking Bits: (CMBitMap*) 0x0000000100e9c600
 Bits: [0x0000000113480000, 0x0000000117480000)

Polling page: 0x0000000100700000

Metaspace:
Metaspace        used 48237K, committed 48832K, reserved 1114112K
 class space     used 6938K, committed 7168K, reserved 1048576K

Usage:
  Non-class:     40.33 MB used.
      Class:      6.78 MB used.
       Both:     47.11 MB used.

Virtual space:
  Non-class space:       64.00 MB reserved,      40.69 MB ( 64%) committed,  1 nodes.
      Class space:        1.00 GB reserved,       7.00 MB ( <1%) committed,  1 nodes.
             Both:        1.06 GB reserved,      47.69 MB (  4%) committed. 

Chunk freelists:
   Non-Class:  7.29 MB
       Class:  8.83 MB
        Both:  16.12 MB

MaxMetaspaceSize: unlimited
CompressedClassSpaceSize: 1.00 GB
Initial GC threshold: 21.00 MB
Current GC threshold: 59.06 MB
CDS: on
 - commit_granule_bytes: 65536.
 - commit_granule_words: 8192.
 - virtual_space_node_default_size: 8388608.
 - enlarge_chunks_in_place: 1.
UseCompressedClassPointers 1, UseCompactObjectHeaders 0
Narrow klass pointer bits 32, Max shift 3
Narrow klass base: 0x00000fe000000000, Narrow klass shift: 0
Encoding Range: [0x00000fe000000000 - 0x00000fe100000000), (4294967296 bytes)
Klass Range:    [0x00000fe000004000 - 0x00000fe041000000), (1090502656 bytes)
Klass ID Range:  [16384 - 1090519033) (1090502649)
Protection zone: [0x00000fe000000000 - 0x00000fe000004000), (16384 bytes)


Internal statistics:

num_allocs_failed_limit: 6.
num_arena_births: 716.
num_arena_deaths: 0.
num_vsnodes_births: 2.
num_vsnodes_deaths: 0.
num_space_committed: 763.
num_space_uncommitted: 0.
num_chunks_returned_to_freelist: 6.
num_chunks_taken_from_freelist: 2447.
num_chunk_merges: 6.
num_chunk_splits: 1733.
num_chunks_enlarged: 1390.
num_inconsistent_stats: 0.

CodeCache: size=49152Kb used=7395Kb max_used=7923Kb free=41756Kb
 bounds [0x000000010fc80000, 0x0000000110490000, 0x0000000112c80000]
 total_blobs=6976, nmethods=6326, adapters=579, full_count=0
Compilation: enabled, stopped_count=0, restarted_count=0

Compilation events (20 events):
Event: 1742.030 Thread 0x000000077d406800 6522   !   1       jdk.internal.misc.ScopedMemoryAccess::copyMemoryInternal (56 bytes)
Event: 1742.030 Thread 0x000000077d406800 nmethod 6522 0x00000001103ab248 code [0x00000001103ab340, 0x00000001103ab820]
Event: 1742.030 Thread 0x000000077d406800 6523       1       com.fasterxml.jackson.databind.deser.std.NumberDeserializers$IntegerDeserializer::deserialize (7 bytes)
Event: 1742.030 Thread 0x000000077d406800 nmethod 6523 0x00000001103ab008 code [0x00000001103ab100, 0x00000001103ab208]
Event: 1742.030 Thread 0x000000077d406800 6524       1       com.fasterxml.jackson.databind.deser.std.NumberDeserializers$IntegerDeserializer::deserialize (41 bytes)
Event: 1742.030 Thread 0x000000077d406800 nmethod 6524 0x00000001103aab88 code [0x00000001103aac80, 0x00000001103aafc8]
Event: 1742.030 Thread 0x000000077d406800 6525       1       com.fasterxml.jackson.core.base.ParserBase::getIntValue (39 bytes)
Event: 1742.030 Thread 0x000000077d406800 nmethod 6525 0x00000001103aa8c8 code [0x00000001103aa9c0, 0x00000001103aab50]
Event: 1742.030 Thread 0x000000077d406800 6526       1       com.fasterxml.jackson.core.base.ParserBase::_parseIntValue (79 bytes)
Event: 1742.030 Thread 0x000000077d406800 nmethod 6526 0x00000001103aa488 code [0x00000001103aa580, 0x00000001103aa880]
Event: 1742.030 Thread 0x000000077d406800 6527       1       com.fasterxml.jackson.databind.deser.std.StdDeserializer::_checkFromStringCoercion (124 bytes)
Event: 1742.031 Thread 0x000000077d406800 nmethod 6527 0x00000001103a9888 code [0x00000001103a9980, 0x00000001103aa3f0]
Event: 1742.031 Thread 0x000000077d406800 6528       1       com.fasterxml.jackson.databind.deser.std.StdDeserializer::_isBlank (32 bytes)
Event: 1742.031 Thread 0x000000077d406800 nmethod 6528 0x00000001103a9548 code [0x00000001103a9640, 0x00000001103a9838]
Event: 1742.031 Thread 0x000000077d406800 6529       1       org.apache.hc.core5.pool.PoolEntry::getRoute (5 bytes)
Event: 1742.031 Thread 0x000000077d406800 nmethod 6529 0x00000001103a9348 code [0x00000001103a9440, 0x00000001103a9520]
Event: 1742.063 Thread 0x000000077d406800 6530       1       org.apache.hc.core5.net.URIBuilder::splitPath (161 bytes)
Event: 1742.063 Thread 0x000000077d406800 nmethod 6530 0x00000001103a88c8 code [0x00000001103a89c0, 0x00000001103a92f0]
Event: 1742.064 Thread 0x000000077d406800 6531   !   1       jdk.internal.misc.ScopedMemoryAccess::copyMemory (27 bytes)
Event: 1742.064 Thread 0x000000077d406800 nmethod 6531 0x00000001103a8548 code [0x00000001103a8640, 0x00000001103a88a0]

GC Heap Usage History (16 events):
Event: 0.327 {heap Before GC invocations=0 (full 0):
 garbage-first heap   total reserved 4194304K, committed 264192K, used 48260K [0x0000000300800000, 0x0000000400800000)
  region size 2048K, 24 young (49152K), 0 survivors (0K)
}
Event: 0.330 {heap After GC invocations=1 (full 0):
 garbage-first heap   total reserved 4194304K, committed 264192K, used 12164K [0x0000000300800000, 0x0000000400800000)
  region size 2048K, 3 young (6144K), 3 survivors (6144K)
}
Event: 0.556 {heap Before GC invocations=1 (full 0):
 garbage-first heap   total reserved 4194304K, committed 264192K, used 69508K [0x0000000300800000, 0x0000000400800000)
  region size 2048K, 32 young (65536K), 3 survivors (6144K)
}
Event: 0.559 {heap After GC invocations=2 (full 0):
 garbage-first heap   total reserved 4194304K, committed 264192K, used 16776K [0x0000000300800000, 0x0000000400800000)
  region size 2048K, 6 young (12288K), 6 survivors (12288K)
}
Event: 0.637 {heap Before GC invocations=3 (full 0):
 garbage-first heap   total reserved 4194304K, committed 69632K, used 45448K [0x0000000300800000, 0x0000000400800000)
  region size 2048K, 20 young (40960K), 6 survivors (12288K)
}
Event: 0.641 {heap After GC invocations=4 (full 0):
 garbage-first heap   total reserved 4194304K, committed 69632K, used 21733K [0x0000000300800000, 0x0000000400800000)
  region size 2048K, 3 young (6144K), 3 survivors (6144K)
}
Event: 0.766 {heap Before GC invocations=4 (full 0):
 garbage-first heap   total reserved 4194304K, committed 69632K, used 46309K [0x0000000300800000, 0x0000000400800000)
  region size 2048K, 15 young (30720K), 3 survivors (6144K)
}
Event: 0.770 {heap After GC invocations=5 (full 0):
 garbage-first heap   total reserved 4194304K, committed 69632K, used 23775K [0x0000000300800000, 0x0000000400800000)
  region size 2048K, 2 young (4096K), 2 survivors (4096K)
}
Event: 0.892 {heap Before GC invocations=5 (full 0):
 garbage-first heap   total reserved 4194304K, committed 69632K, used 48351K [0x0000000300800000, 0x0000000400800000)
  region size 2048K, 15 young (30720K), 2 survivors (4096K)
}
Event: 0.895 {heap After GC invocations=6 (full 0):
 garbage-first heap   total reserved 4194304K, committed 69632K, used 26396K [0x0000000300800000, 0x0000000400800000)
  region size 2048K, 2 young (4096K), 2 survivors (4096K)
}
Event: 0.996 {heap Before GC invocations=6 (full 0):
 garbage-first heap   total reserved 4194304K, committed 69632K, used 42780K [0x0000000300800000, 0x0000000400800000)
  region size 2048K, 11 young (22528K), 2 survivors (4096K)
}
Event: 0.998 {heap After GC invocations=7 (full 0):
 garbage-first heap   total reserved 4194304K, committed 69632K, used 28211K [0x0000000300800000, 0x0000000400800000)
  region size 2048K, 1 young (2048K), 1 survivors (2048K)
}
Event: 1.171 {heap Before GC invocations=8 (full 0):
 garbage-first heap   total reserved 4194304K, committed 69632K, used 54835K [0x0000000300800000, 0x0000000400800000)
  region size 2048K, 14 young (28672K), 1 survivors (2048K)
}
Event: 1.173 {heap After GC invocations=9 (full 0):
 garbage-first heap   total reserved 4194304K, committed 69632K, used 30687K [0x0000000300800000, 0x0000000400800000)
  region size 2048K, 2 young (4096K), 2 survivors (4096K)
}
Event: 1.320 {heap Before GC invocations=9 (full 0):
 garbage-first heap   total reserved 4194304K, committed 69632K, used 55263K [0x0000000300800000, 0x0000000400800000)
  region size 2048K, 15 young (30720K), 2 survivors (4096K)
}
Event: 1.323 {heap After GC invocations=10 (full 0):
 garbage-first heap   total reserved 4194304K, committed 90112K, used 34317K [0x0000000300800000, 0x0000000400800000)
  region size 2048K, 2 young (4096K), 2 survivors (4096K)
}

Metaspace Usage History (16 events):
Event: 0.327 {metaspace Before GC invocations=0 (full 0):
 Metaspace       used 8451K, committed 8640K, reserved 1114112K
  class space    used 1082K, committed 1152K, reserved 1048576K
}
Event: 0.330 {metaspace After GC invocations=1 (full 0):
 Metaspace       used 8451K, committed 8640K, reserved 1114112K
  class space    used 1082K, committed 1152K, reserved 1048576K
}
Event: 0.556 {metaspace Before GC invocations=1 (full 0):
 Metaspace       used 21220K, committed 21504K, reserved 1114112K
  class space    used 2996K, committed 3136K, reserved 1048576K
}
Event: 0.559 {metaspace After GC invocations=2 (full 0):
 Metaspace       used 21220K, committed 21504K, reserved 1114112K
  class space    used 2996K, committed 3136K, reserved 1048576K
}
Event: 0.637 {metaspace Before GC invocations=3 (full 0):
 Metaspace       used 25673K, committed 25920K, reserved 1114112K
  class space    used 3540K, committed 3648K, reserved 1048576K
}
Event: 0.641 {metaspace After GC invocations=4 (full 0):
 Metaspace       used 25673K, committed 25920K, reserved 1114112K
  class space    used 3540K, committed 3648K, reserved 1048576K
}
Event: 0.766 {metaspace Before GC invocations=4 (full 0):
 Metaspace       used 28323K, committed 28608K, reserved 1114112K
  class space    used 3954K, committed 4096K, reserved 1048576K
}
Event: 0.770 {metaspace After GC invocations=5 (full 0):
 Metaspace       used 28323K, committed 28608K, reserved 1114112K
  class space    used 3954K, committed 4096K, reserved 1048576K
}
Event: 0.892 {metaspace Before GC invocations=5 (full 0):
 Metaspace       used 32778K, committed 33216K, reserved 1114112K
  class space    used 4593K, committed 4800K, reserved 1048576K
}
Event: 0.895 {metaspace After GC invocations=6 (full 0):
 Metaspace       used 32778K, committed 33216K, reserved 1114112K
  class space    used 4593K, committed 4800K, reserved 1048576K
}
Event: 0.996 {metaspace Before GC invocations=6 (full 0):
 Metaspace       used 35756K, committed 36096K, reserved 1114112K
  class space    used 5018K, committed 5184K, reserved 1048576K
}
Event: 0.998 {metaspace After GC invocations=7 (full 0):
 Metaspace       used 35756K, committed 36096K, reserved 1114112K
  class space    used 5018K, committed 5184K, reserved 1048576K
}
Event: 1.171 {metaspace Before GC invocations=8 (full 0):
 Metaspace       used 40046K, committed 40576K, reserved 1114112K
  class space    used 5746K, committed 5952K, reserved 1048576K
}
Event: 1.173 {metaspace After GC invocations=9 (full 0):
 Metaspace       used 40046K, committed 40576K, reserved 1114112K
  class space    used 5746K, committed 5952K, reserved 1048576K
}
Event: 1.320 {metaspace Before GC invocations=9 (full 0):
 Metaspace       used 45498K, committed 45952K, reserved 1114112K
  class space    used 6545K, committed 6720K, reserved 1048576K
}
Event: 1.323 {metaspace After GC invocations=10 (full 0):
 Metaspace       used 45498K, committed 45952K, reserved 1114112K
  class space    used 6545K, committed 6720K, reserved 1048576K
}

Dll operation events (11 events):
Event: 0.004 Loaded shared library /opt/homebrew/Cellar/openjdk/25.0.2/libexec/openjdk.jdk/Contents/Home/lib/libjava.dylib
Event: 0.038 Loaded shared library /opt/homebrew/Cellar/openjdk/25.0.2/libexec/openjdk.jdk/Contents/Home/lib/libzip.dylib
Event: 0.038 Loaded shared library /opt/homebrew/Cellar/openjdk/25.0.2/libexec/openjdk.jdk/Contents/Home/lib/libinstrument.dylib
Event: 0.040 Loaded shared library /opt/homebrew/Cellar/openjdk/25.0.2/libexec/openjdk.jdk/Contents/Home/lib/libnio.dylib
Event: 0.042 Loaded shared library /opt/homebrew/Cellar/openjdk/25.0.2/libexec/openjdk.jdk/Contents/Home/lib/libzip.dylib
Event: 0.100 Loaded shared library /opt/homebrew/Cellar/openjdk/25.0.2/libexec/openjdk.jdk/Contents/Home/lib/libnet.dylib
Event: 0.107 Loaded shared library /opt/homebrew/Cellar/openjdk/25.0.2/libexec/openjdk.jdk/Contents/Home/lib/libextnet.dylib
Event: 0.111 Loaded shared library /opt/homebrew/Cellar/openjdk/25.0.2/libexec/openjdk.jdk/Contents/Home/lib/libjimage.dylib
Event: 0.867 Loaded shared library /opt/homebrew/Cellar/openjdk/25.0.2/libexec/openjdk.jdk/Contents/Home/lib/libmanagement.dylib
Event: 0.868 Loaded shared library /opt/homebrew/Cellar/openjdk/25.0.2/libexec/openjdk.jdk/Contents/Home/lib/libmanagement_ext.dylib
Event: 1.289 Loaded shared library /opt/homebrew/Cellar/openjdk/25.0.2/libexec/openjdk.jdk/Contents/Home/lib/libverify.dylib

Deoptimization events (20 events):
Event: 1.005 Thread 0x0000000100e90db0 DEOPT PACKING pc=0x000000011005a37c sp=0x000000016f9b49c0
Event: 1.005 Thread 0x0000000100e90db0 DEOPT UNPACKING pc=0x000000010fcbd0bc sp=0x000000016f9b4700 mode 3
Event: 1.042 Thread 0x0000000100e90db0 DEOPT PACKING pc=0x0000000110119c28 sp=0x000000016f9b4ed0
Event: 1.042 Thread 0x0000000100e90db0 DEOPT UNPACKING pc=0x000000010fcbd0bc sp=0x000000016f9b4c90 mode 3
Event: 1.045 Thread 0x0000000100e90db0 DEOPT PACKING pc=0x0000000110288158 sp=0x000000016f9b3f20
Event: 1.045 Thread 0x0000000100e90db0 DEOPT UNPACKING pc=0x000000010fcbd0bc sp=0x000000016f9b3cf0 mode 3
Event: 1.125 Thread 0x0000000100e90db0 DEOPT PACKING pc=0x000000011021e874 sp=0x000000016f9b2a20
Event: 1.125 Thread 0x0000000100e90db0 DEOPT UNPACKING pc=0x000000010fcbd0bc sp=0x000000016f9b26d0 mode 3
Event: 1.134 Thread 0x0000000100e90db0 DEOPT PACKING pc=0x000000010ff9cdec sp=0x000000016f9b2ee0
Event: 1.134 Thread 0x0000000100e90db0 DEOPT UNPACKING pc=0x000000010fcbd0bc sp=0x000000016f9b2b60 mode 3
Event: 1.173 Thread 0x0000000100e90db0 DEOPT PACKING pc=0x000000011006f87c sp=0x000000016f9b11d0
Event: 1.173 Thread 0x0000000100e90db0 DEOPT UNPACKING pc=0x000000010fcbd0bc sp=0x000000016f9b0f00 mode 3
Event: 1.183 Thread 0x0000000100e90db0 DEOPT PACKING pc=0x000000010ff3b870 sp=0x000000016f9b2ae0
Event: 1.183 Thread 0x0000000100e90db0 DEOPT UNPACKING pc=0x000000010fcbd0bc sp=0x000000016f9b2810 mode 3
Event: 1.218 Thread 0x0000000100e90db0 DEOPT PACKING pc=0x000000011005044c sp=0x000000016f9b4f30
Event: 1.218 Thread 0x0000000100e90db0 DEOPT UNPACKING pc=0x000000010fcbd0bc sp=0x000000016f9b4c40 mode 3
Event: 1.227 Thread 0x0000000100e90db0 DEOPT PACKING pc=0x000000011021418c sp=0x000000016f9b5d10
Event: 1.227 Thread 0x0000000100e90db0 DEOPT UNPACKING pc=0x000000010fcbd0bc sp=0x000000016f9b5a00 mode 3
Event: 1.340 Thread 0x0000000100e90db0 DEOPT PACKING pc=0x000000011020dfcc sp=0x000000016f9b4f00
Event: 1.340 Thread 0x0000000100e90db0 DEOPT UNPACKING pc=0x000000010fcbd0bc sp=0x000000016f9b4ca0 mode 3

Classes loaded (20 events):
Event: 22.667 Loading class java/nio/channels/SelectionKey
Event: 22.667 Loading class java/nio/channels/SelectionKey done
Event: 22.667 Loading class java/nio/channels/spi/AbstractSelectionKey done
Event: 22.667 Loading class sun/nio/ch/SelectionKeyImpl done
Event: 22.667 Loading class java/lang/invoke/ConstantBootstraps
Event: 22.668 Loading class java/lang/invoke/ConstantBootstraps done
Event: 22.693 Loading class java/io/Reader$2
Event: 22.693 Loading class java/io/Reader$2 done
Event: 22.720 Loading class java/util/ArrayList$SubList$2
Event: 22.720 Loading class java/util/ArrayList$SubList$2 done
Event: 22.727 Loading class java/util/stream/ReduceOps$7
Event: 22.727 Loading class java/util/stream/ReduceOps$7 done
Event: 22.727 Loading class java/util/stream/ReduceOps$6ReducingSink
Event: 22.727 Loading class java/util/stream/ReduceOps$6ReducingSink done
Event: 22.737 Loading class sun/util/resources/ParallelListResourceBundle
Event: 22.737 Loading class sun/util/resources/ParallelListResourceBundle done
Event: 22.737 Loading class java/text/MessageFormat$Field
Event: 22.737 Loading class java/text/MessageFormat$Field done
Event: 22.739 Loading class sun/nio/cs/ISO_8859_1$Encoder
Event: 22.739 Loading class sun/nio/cs/ISO_8859_1$Encoder done

Classes unloaded (0 events):
No events

Classes redefined (0 events):
No events

Internal exceptions (20 events):
Event: 1.332 Thread 0x0000000100e90db0 Exception <a 'java/lang/NoSuchMethodError'{0x0000000310717700}: 'long java.lang.invoke.DelegatingMethodHandle$Holder.reinvoke_L(java.lang.Object, java.lang.Object, int)'> (0x0000000310717700) 
thrown [src/hotspot/share/interpreter/linkResolver.cpp, line 804]
Event: 1.332 Thread 0x0000000100e90db0 Exception <a 'java/lang/NoSuchMethodError'{0x0000000310730290}: 'java.lang.Object java.lang.invoke.DelegatingMethodHandle$Holder.reinvoke_L(java.lang.Object, int, int, long, java.lang.Object, long, long, long)'> (0x0000000310730290) 
thrown [src/hotspot/share/interpreter/linkResolver.cpp, line 804]
Event: 1.332 Thread 0x0000000100e90db0 Exception <a 'java/lang/NoSuchMethodError'{0x000000031077cad8}: 'java.lang.Object java.lang.invoke.DelegatingMethodHandle$Holder.reinvoke_L(java.lang.Object, java.lang.Object, java.lang.Object, java.lang.Object, java.lang.Object, java.lang.Object, java.lang.Object, java.lang.Object, java.lang.Object, java.lang.Object, java.lang.Object, java.lang.Object, java.lang.Object, java.lang.Object, int, java.lang.Object, java.lang.Object, java.lang.Object, java.lang.Object, java.lang.Object, java.lang.Object, java.l
Event: 1.333 Thread 0x0000000100e90db0 Exception <a 'java/lang/NoSuchMethodError'{0x00000003107dab28}: 'java.lang.Object java.lang.invoke.DirectMethodHandle$Holder.invokeStatic(java.lang.Object, java.lang.Object, java.lang.Object, java.lang.Object, java.lang.Object, java.lang.Object, java.lang.Object, java.lang.Object, java.lang.Object, java.lang.Object, java.lang.Object)'> (0x00000003107dab28) 
thrown [src/hotspot/share/interpreter/linkResolver.cpp, line 804]
Event: 1.334 Thread 0x0000000100e90db0 Exception <a 'java/lang/NoSuchMethodError'{0x000000030c604170}: 'java.lang.Object java.lang.invoke.DirectMethodHandle$Holder.invokeStatic(java.lang.Object, java.lang.Object, java.lang.Object, java.lang.Object, java.lang.Object, java.lang.Object, java.lang.Object, java.lang.Object, java.lang.Object, java.lang.Object, java.lang.Object, java.lang.Object)'> (0x000000030c604170) 
thrown [src/hotspot/share/interpreter/linkResolver.cpp, line 804]
Event: 1.334 Thread 0x0000000100e90db0 Exception <a 'java/lang/NoSuchMethodError'{0x000000030c62eb60}: 'java.lang.Object java.lang.invoke.DirectMethodHandle$Holder.invokeStatic(java.lang.Object, java.lang.Object, java.lang.Object, java.lang.Object, java.lang.Object, java.lang.Object, java.lang.Object, java.lang.Object, java.lang.Object, java.lang.Object, java.lang.Object, java.lang.Object, java.lang.Object)'> (0x000000030c62eb60) 
thrown [src/hotspot/share/interpreter/linkResolver.cpp, line 804]
Event: 1.334 Thread 0x0000000100e90db0 Exception <a 'java/lang/NoSuchMethodError'{0x000000030c65a1e8}: 'java.lang.Object java.lang.invoke.DirectMethodHandle$Holder.invokeStatic(java.lang.Object, java.lang.Object, java.lang.Object, java.lang.Object, java.lang.Object, java.lang.Object, java.lang.Object, java.lang.Object, java.lang.Object, java.lang.Object, java.lang.Object, java.lang.Object, java.lang.Object, java.lang.Object)'> (0x000000030c65a1e8) 
thrown [src/hotspot/share/interpreter/linkResolver.cpp, line 804]
Event: 1.335 Thread 0x0000000100e90db0 Exception <a 'java/lang/NoSuchMethodError'{0x000000030c6800b8}: 'java.lang.Object java.lang.invoke.DelegatingMethodHandle$Holder.reinvoke_L(java.lang.Object, java.lang.Object, java.lang.Object, java.lang.Object, java.lang.Object, java.lang.Object, java.lang.Object, java.lang.Object, java.lang.Object, java.lang.Object, java.lang.Object, java.lang.Object, java.lang.Object, java.lang.Object, java.lang.Object, java.lang.Object, java.lang.Object, java.lang.Object, java.lang.Object, java.lang.Object, java.lang.O
Event: 1.348 Thread 0x000000077a4f5800 Exception <a 'java/net/UnknownHostException'{0x000000030c030a70}> (0x000000030c030a70) 
thrown [src/hotspot/share/prims/jni.cpp, line 534]
Event: 1.350 Thread 0x000000077a4f5800 Exception <a 'java/net/UnknownHostException'{0x000000030c030e08}> (0x000000030c030e08) 
thrown [src/hotspot/share/prims/jni.cpp, line 534]
Event: 1.352 Thread 0x000000077a6d6000 Exception <a 'java/lang/NoSuchMethodError'{0x000000030c085998}: 'long java.lang.invoke.DelegatingMethodHandle$Holder.reinvoke_L(java.lang.Object, java.lang.Object)'> (0x000000030c085998) 
thrown [src/hotspot/share/interpreter/linkResolver.cpp, line 804]
Event: 22.662 Thread 0x000000077a750000 Exception <a 'java/lang/NoSuchMethodError'{0x000000030c345dc8}: 'java.lang.Object java.lang.invoke.DirectMethodHandle$Holder.invokeStatic(java.lang.Object, java.lang.Object, java.lang.Object, int, int)'> (0x000000030c345dc8) 
thrown [src/hotspot/share/interpreter/linkResolver.cpp, line 804]
Event: 22.663 Thread 0x000000077a750000 Exception <a 'java/lang/NoSuchMethodError'{0x000000030c34dd70}: 'java.lang.Object java.lang.invoke.DirectMethodHandle$Holder.invokeStaticInit(java.lang.Object, java.lang.Object, java.lang.Object, int, int)'> (0x000000030c34dd70) 
thrown [src/hotspot/share/interpreter/linkResolver.cpp, line 804]
Event: 22.689 Thread 0x000000077a6d7000 Exception <a 'java/lang/NoSuchMethodError'{0x000000030be84888}: 'java.lang.Object java.lang.invoke.DirectMethodHandle$Holder.invokeSpecial(java.lang.Object, java.lang.Object, java.lang.Object, java.lang.Object, java.lang.Object, long)'> (0x000000030be84888) 
thrown [src/hotspot/share/interpreter/linkResolver.cpp, line 804]
Event: 22.689 Thread 0x000000077a6d7000 Exception <a 'java/lang/NoSuchMethodError'{0x000000030be8d1f0}: 'java.lang.Object java.lang.invoke.DirectMethodHandle$Holder.invokeSpecial(java.lang.Object, java.lang.Object, java.lang.Object, java.lang.Object, java.lang.Object, java.lang.Object, long)'> (0x000000030be8d1f0) 
thrown [src/hotspot/share/interpreter/linkResolver.cpp, line 804]
Event: 22.689 Thread 0x000000077a6d7000 Exception <a 'java/lang/NoSuchMethodError'{0x000000030be955a0}: 'java.lang.Object java.lang.invoke.DelegatingMethodHandle$Holder.reinvoke_L(java.lang.Object, java.lang.Object, java.lang.Object, java.lang.Object, java.lang.Object, long)'> (0x000000030be955a0) 
thrown [src/hotspot/share/interpreter/linkResolver.cpp, line 804]
Event: 22.690 Thread 0x000000077a6d7000 Exception <a 'java/lang/NoSuchMethodError'{0x000000030bea5f90}: 'java.lang.Object java.lang.invoke.Invokers$Holder.linkToTargetMethod(java.lang.Object, java.lang.Object, java.lang.Object, long, java.lang.Object)'> (0x000000030bea5f90) 
thrown [src/hotspot/share/interpreter/linkResolver.cpp, line 804]
Event: 1196.477 Thread 0x000000077a444000 Exception <a 'java/lang/ClassNotFoundException'{0x000000030c548aa8}: sun/net/www/protocol/usershttp/Handler> (0x000000030c548aa8) 
thrown [src/hotspot/share/classfile/systemDictionary.cpp, line 327]
Event: 1196.477 Thread 0x000000077a444000 Exception <a 'java/lang/ClassNotFoundException'{0x000000030c54a3d0}: sun/net/www/protocol/usershttp/Handler> (0x000000030c54a3d0) 
thrown [src/hotspot/share/classfile/systemDictionary.cpp, line 327]
Event: 1196.477 Thread 0x000000077a444000 Exception <a 'java/lang/ClassNotFoundException'{0x000000030c54bcf8}: sun/net/www/protocol/usershttp/Handler> (0x000000030c54bcf8) 
thrown [src/hotspot/share/classfile/systemDictionary.cpp, line 327]

VM Operations (20 events):
Event: 1.292 Executing non-safepoint VM operation: HandshakeAllThreads (Deoptimize)
Event: 1.292 Executing non-safepoint VM operation: HandshakeAllThreads (Deoptimize) done
Event: 1.320 Executing safepoint VM operation: G1CollectForAllocation (G1 Evacuation Pause)
Event: 1.323 Executing safepoint VM operation: G1CollectForAllocation (G1 Evacuation Pause) done
Event: 22.731 Executing non-safepoint VM operation: HandshakeAllThreads (Deoptimize)
Event: 22.731 Executing non-safepoint VM operation: HandshakeAllThreads (Deoptimize) done
Event: 22.735 Executing non-safepoint VM operation: HandshakeAllThreads (Deoptimize)
Event: 22.735 Executing non-safepoint VM operation: HandshakeAllThreads (Deoptimize) done
Event: 60.094 Executing non-safepoint VM operation: HandshakeAllThreads (HandshakeForDeflation)
Event: 60.094 Executing non-safepoint VM operation: HandshakeAllThreads (HandshakeForDeflation) done
Event: 60.094 Executing non-safepoint VM operation: RendezvousGCThreads
Event: 60.094 Executing non-safepoint VM operation: RendezvousGCThreads done
Event: 120.172 Executing non-safepoint VM operation: HandshakeAllThreads (HandshakeForDeflation)
Event: 120.172 Executing non-safepoint VM operation: HandshakeAllThreads (HandshakeForDeflation) done
Event: 120.172 Executing non-safepoint VM operation: RendezvousGCThreads
Event: 120.172 Executing non-safepoint VM operation: RendezvousGCThreads done
Event: 240.530 Executing non-safepoint VM operation: HandshakeAllThreads (HandshakeForDeflation)
Event: 240.531 Executing non-safepoint VM operation: HandshakeAllThreads (HandshakeForDeflation) done
Event: 240.531 Executing non-safepoint VM operation: RendezvousGCThreads
Event: 240.531 Executing non-safepoint VM operation: RendezvousGCThreads done

Memory protections (20 events):
Event: 1.343 Protecting memory [0x0000000174694000,0x00000001746a0000] with protection modes 0
Event: 1.343 Protecting memory [0x00000001748a0000,0x00000001748ac000] with protection modes 0
Event: 1.343 Protecting memory [0x0000000174aac000,0x0000000174ab8000] with protection modes 0
Event: 1.343 Protecting memory [0x0000000174cb8000,0x0000000174cc4000] with protection modes 0
Event: 1.343 Protecting memory [0x0000000174ec4000,0x0000000174ed0000] with protection modes 0
Event: 1.343 Protecting memory [0x00000001750d0000,0x00000001750dc000] with protection modes 0
Event: 1.343 Protecting memory [0x00000001752dc000,0x00000001752e8000] with protection modes 0
Event: 1.345 Protecting memory [0x00000001754e8000,0x00000001754f4000] with protection modes 0
Event: 1.345 Protecting memory [0x00000001756f4000,0x0000000175700000] with protection modes 0
Event: 1.355 Protecting memory [0x000000016f7b4000,0x000000016f7c0000] with protection modes 3
Event: 1.355 Protecting memory [0x000000016f7b4000,0x000000016f7c0000] with protection modes 0
Event: 6.360 Protecting memory [0x0000000171574000,0x0000000171580000] with protection modes 3
Event: 31.343 Protecting memory [0x0000000171574000,0x0000000171580000] with protection modes 0
Event: 31.343 Protecting memory [0x0000000175900000,0x000000017590c000] with protection modes 0
Event: 61.355 Protecting memory [0x0000000173428000,0x0000000173434000] with protection modes 3
Event: 301.260 Protecting memory [0x0000000173428000,0x0000000173434000] with protection modes 0
Event: 1051.766 Protecting memory [0x0000000175b0c000,0x0000000175b18000] with protection modes 0
Event: 1056.826 Protecting memory [0x0000000175b0c000,0x0000000175b18000] with protection modes 3
Event: 1621.982 Protecting memory [0x0000000175b0c000,0x0000000175b18000] with protection modes 0
Event: 1628.356 Protecting memory [0x0000000175b0c000,0x0000000175b18000] with protection modes 3

Nmethod flushes (20 events):
Event: 1.009 Thread 0x000000077cd09800 flushing  nmethod 0x000000010ff98888
Event: 1.009 Thread 0x000000077cd09800 flushing  nmethod 0x000000010ffc2688
Event: 1.009 Thread 0x000000077cd09800 flushing  nmethod 0x000000011004fd88
Event: 1.009 Thread 0x000000077cd09800 flushing  nmethod 0x000000010fe5d148
Event: 1.009 Thread 0x000000077cd09800 flushing  nmethod 0x000000010fea6048
Event: 1.009 Thread 0x000000077cd09800 flushing  nmethod 0x000000010ff18748
Event: 1.009 Thread 0x000000077cd09800 flushing  nmethod 0x000000010ff1a548
Event: 1.009 Thread 0x000000077cd09800 flushing  nmethod 0x000000010ff1b0c8
Event: 1.009 Thread 0x000000077cd09800 flushing  nmethod 0x000000011001ed48
Event: 1.009 Thread 0x000000077cd09800 flushing  nmethod 0x000000010fe4cfc8
Event: 1.009 Thread 0x000000077cd09800 flushing  nmethod 0x000000010fe4db48
Event: 1.009 Thread 0x000000077cd09800 flushing  nmethod 0x000000010fe97048
Event: 1.009 Thread 0x000000077cd09800 flushing  nmethod 0x000000010fe98b08
Event: 1.009 Thread 0x000000077cd09800 flushing  nmethod 0x000000010fe99f08
Event: 1.009 Thread 0x000000077cd09800 flushing  nmethod 0x000000010ffcbec8
Event: 1.009 Thread 0x000000077cd09800 flushing  nmethod 0x000000010fe74b08
Event: 1.009 Thread 0x000000077cd09800 flushing  nmethod 0x000000010fec3948
Event: 1.009 Thread 0x000000077cd09800 flushing  nmethod 0x000000010fec6008
Event: 1.009 Thread 0x000000077cd09800 flushing  nmethod 0x000000010ff8f888
Event: 1.009 Thread 0x000000077cd09800 flushing  nmethod 0x000000010ffdd408

Events (20 events):
Event: 1.343 Thread 0x0000000100e90db0 Thread added: 0x000000077a748000
Event: 1.343 Thread 0x0000000100e90db0 Thread added: 0x000000077a748800
Event: 1.343 Thread 0x0000000100e90db0 Thread added: 0x000000077a749000
Event: 1.343 Thread 0x0000000100e90db0 Thread added: 0x000000077a749800
Event: 1.343 Thread 0x0000000100e90db0 Thread added: 0x000000077a74a000
Event: 1.343 Thread 0x0000000100e90db0 Thread added: 0x000000077a74a800
Event: 1.343 Thread 0x0000000100e90db0 Thread added: 0x000000077a74b000
Event: 1.345 Thread 0x0000000100e90db0 Thread added: 0x000000077a74b800
Event: 1.345 Thread 0x0000000100e90db0 Thread added: 0x000000077a750000
Event: 1.355 Thread 0x0000000100e90db0 Thread exited: 0x0000000100e90db0
Event: 1.355 Thread 0x000000077a750800 Thread added: 0x000000077a750800
Event: 6.361 Thread 0x000000077d407200 Thread exited: 0x000000077d407200
Event: 31.343 Thread 0x000000077a6d4800 Thread added: 0x000000077a751000
Event: 31.343 Thread 0x000000077a6d5800 Thread added: 0x000000077a751800
Event: 61.355 Thread 0x000000077a4f5800 Thread exited: 0x000000077a4f5800
Event: 301.260 Thread 0x000000077cda7800 Thread added: 0x000000077a753000
Event: 1051.766 Thread 0x000000077d406800 Thread added: 0x000000077dccde00
Event: 1056.826 Thread 0x000000077dccde00 Thread exited: 0x000000077dccde00
Event: 1621.982 Thread 0x000000077d406800 Thread added: 0x000000077dcce800
Event: 1628.356 Thread 0x000000077dcce800 Thread exited: 0x000000077dcce800


Dynamic libraries:
0x0000000100710000 	/opt/homebrew/Cellar/openjdk/25.0.2/libexec/openjdk.jdk/Contents/Home/lib/libjli.dylib
0x0000000198064000 	/usr/lib/libz.1.dylib
0x000000019811a000 	/usr/lib/libSystem.B.dylib
0x0000000198114000 	/usr/lib/system/libcache.dylib
0x00000001980cf000 	/usr/lib/system/libcommonCrypto.dylib
0x00000001980fa000 	/usr/lib/system/libcompiler_rt.dylib
0x00000001980ef000 	/usr/lib/system/libcopyfile.dylib
0x000000018803c000 	/usr/lib/system/libcorecrypto.dylib
0x000000018813b000 	/usr/lib/system/libdispatch.dylib
0x0000000187ee7000 	/usr/lib/system/libdyld.dylib
0x000000019810a000 	/usr/lib/system/libkeymgr.dylib
0x00000001980b2000 	/usr/lib/system/libmacho.dylib
0x000000019734f000 	/usr/lib/system/libquarantine.dylib
0x0000000198107000 	/usr/lib/system/libremovefile.dylib
0x000000018ea9e000 	/usr/lib/system/libsystem_asl.dylib
0x0000000187fc2000 	/usr/lib/system/libsystem_blocks.dylib
0x0000000188186000 	/usr/lib/system/libsystem_c.dylib
0x00000001980fe000 	/usr/lib/system/libsystem_collections.dylib
0x0000000195d04000 	/usr/lib/system/libsystem_configuration.dylib
0x00000001948f4000 	/usr/lib/system/libsystem_containermanager.dylib
0x0000000197aee000 	/usr/lib/system/libsystem_coreservices.dylib
0x000000018c2cc000 	/usr/lib/system/libsystem_darwin.dylib
0x000000028c6da000 	/usr/lib/system/libsystem_darwindirectory.dylib
0x000000019810b000 	/usr/lib/system/libsystem_dnssd.dylib
0x000000028c6de000 	/usr/lib/system/libsystem_eligibility.dylib
0x0000000188183000 	/usr/lib/system/libsystem_featureflags.dylib
0x0000000188307000 	/usr/lib/system/libsystem_info.dylib
0x0000000198073000 	/usr/lib/system/libsystem_m.dylib
0x00000001880ea000 	/usr/lib/system/libsystem_malloc.dylib
0x000000018ea01000 	/usr/lib/system/libsystem_networkextension.dylib
0x000000018c737000 	/usr/lib/system/libsystem_notify.dylib
0x0000000195d09000 	/usr/lib/system/libsystem_sandbox.dylib
0x000000028c6e8000 	/usr/lib/system/libsystem_sanitizers.dylib
0x0000000198103000 	/usr/lib/system/libsystem_secinit.dylib
0x00000001882b3000 	/usr/lib/system/libsystem_kernel.dylib
0x00000001882fe000 	/usr/lib/system/libsystem_platform.dylib
0x00000001882f1000 	/usr/lib/system/libsystem_pthread.dylib
0x0000000190659000 	/usr/lib/system/libsystem_symptoms.dylib
0x000000018801b000 	/usr/lib/system/libsystem_trace.dylib
0x000000028c6f0000 	/usr/lib/system/libsystem_trial.dylib
0x00000001980dd000 	/usr/lib/system/libunwind.dylib
0x0000000187fc6000 	/usr/lib/system/libxpc.dylib
0x0000000187e94000 	/usr/lib/libobjc.A.dylib
0x0000000188337000 	/System/Library/Frameworks/CoreFoundation.framework/Versions/A/CoreFoundation
0x000000019b983000 	/usr/lib/swift/libswiftCore.dylib
0x0000000188298000 	/usr/lib/libc++abi.dylib
0x000000028a9fd000 	/usr/lib/libRosetta.dylib
0x0000000188207000 	/usr/lib/libc++.1.dylib
0x0000000189ba3000 	/System/Library/Frameworks/Foundation.framework/Versions/C/Foundation
0x00000001a54e1000 	/usr/lib/swift/libswiftObjectiveC.dylib
0x000000028bf45000 	/usr/lib/libswiftPrespecialized.dylib
0x0000000189812000 	/System/Library/Frameworks/SystemConfiguration.framework/Versions/A/SystemConfiguration
0x0000000192b76000 	/System/Library/PrivateFrameworks/CoreAutoLayout.framework/Versions/A/CoreAutoLayout
0x000000019811c000 	/usr/lib/libfakelink.dylib
0x0000000198342000 	/usr/lib/libcompression.dylib
0x000000018e64c000 	/System/Library/Frameworks/CFNetwork.framework/Versions/A/CFNetwork
0x0000000191fa6000 	/System/Library/Frameworks/DiskArbitration.framework/Versions/A/DiskArbitration
0x000000019816f000 	/usr/lib/libarchive.2.dylib
0x0000000191eab000 	/usr/lib/libDiagnosticMessagesClient.dylib
0x000000018bff6000 	/usr/lib/libicucore.A.dylib
0x0000000192bbf000 	/usr/lib/libxml2.2.dylib
0x00000001a07ae000 	/System/Library/Frameworks/CoreServices.framework/Versions/A/CoreServices
0x0000000195d17000 	/usr/lib/liblangid.dylib
0x000000018c64e000 	/System/Library/Frameworks/IOKit.framework/Versions/A/IOKit
0x000000019e467000 	/System/Library/Frameworks/Combine.framework/Versions/A/Combine
0x00000002405df000 	/System/Library/PrivateFrameworks/CollectionsInternal.framework/Versions/A/CollectionsInternal
0x000000026bef1000 	/System/Library/PrivateFrameworks/ReflectionInternal.framework/Versions/A/ReflectionInternal
0x000000026ce39000 	/System/Library/PrivateFrameworks/RuntimeInternal.framework/Versions/A/RuntimeInternal
0x000000019811e000 	/System/Library/PrivateFrameworks/SoftLinking.framework/Versions/A/SoftLinking
0x00000001b550c000 	/usr/lib/swift/libswiftCoreFoundation.dylib
0x00000001b23b6000 	/usr/lib/swift/libswiftDarwin.dylib
0x00000001a250e000 	/usr/lib/swift/libswiftDispatch.dylib
0x00000001b556d000 	/usr/lib/swift/libswiftIOKit.dylib
0x000000028c387000 	/usr/lib/swift/libswiftSystem.dylib
0x00000001b551f000 	/usr/lib/swift/libswiftXPC.dylib
0x000000028c3b9000 	/usr/lib/swift/libswift_Builtin_float.dylib
0x000000028c3ba000 	/usr/lib/swift/libswift_Concurrency.dylib
0x000000028c446000 	/usr/lib/swift/libswift_DarwinFoundation1.dylib
0x000000028c4ea000 	/usr/lib/swift/libswift_StringProcessing.dylib
0x00000001a54e5000 	/usr/lib/swift/libswiftos.dylib
0x000000018c5ce000 	/System/Library/PrivateFrameworks/CoreServicesInternal.framework/Versions/A/CoreServicesInternal
0x00000001980e7000 	/usr/lib/liboah.dylib
0x000000018bbd8000 	/System/Library/Frameworks/Security.framework/Versions/A/Security
0x00000001a4919000 	/System/Library/PrivateFrameworks/DiskImages.framework/Versions/A/DiskImages
0x00000001b1e5c000 	/System/Library/Frameworks/NetFS.framework/Versions/A/NetFS
0x0000000192b3b000 	/System/Library/Frameworks/CoreServices.framework/Versions/A/Frameworks/FSEvents.framework/Versions/A/FSEvents
0x000000018c2d6000 	/System/Library/Frameworks/CoreServices.framework/Versions/A/Frameworks/CarbonCore.framework/Versions/A/CarbonCore
0x0000000191f1a000 	/System/Library/Frameworks/CoreServices.framework/Versions/A/Frameworks/Metadata.framework/Versions/A/Metadata
0x0000000197af5000 	/System/Library/Frameworks/CoreServices.framework/Versions/A/Frameworks/OSServices.framework/Versions/A/OSServices
0x0000000198267000 	/System/Library/Frameworks/CoreServices.framework/Versions/A/Frameworks/SearchKit.framework/Versions/A/SearchKit
0x00000001905d3000 	/System/Library/Frameworks/CoreServices.framework/Versions/A/Frameworks/AE.framework/Versions/A/AE
0x0000000188895000 	/System/Library/Frameworks/CoreServices.framework/Versions/A/Frameworks/LaunchServices.framework/Versions/A/LaunchServices
0x00000001995e8000 	/System/Library/Frameworks/CoreServices.framework/Versions/A/Frameworks/DictionaryServices.framework/Versions/A/DictionaryServices
0x0000000192b48000 	/System/Library/Frameworks/CoreServices.framework/Versions/A/Frameworks/SharedFileList.framework/Versions/A/SharedFileList
0x00000001982fa000 	/usr/lib/libapple_nghttp2.dylib
0x00000001901ea000 	/usr/lib/libsqlite3.dylib
0x00000001903d3000 	/System/Library/Frameworks/Accounts.framework/Versions/A/Accounts
0x00000001a4b5b000 	/System/Library/PrivateFrameworks/AppSupport.framework/Versions/A/AppSupport
0x00000001b42d5000 	/System/Library/Frameworks/AVFoundation.framework/Versions/A/AVFoundation
0x0000000191e7b000 	/System/Library/PrivateFrameworks/CoreAnalytics.framework/Versions/A/CoreAnalytics
0x000000018f08f000 	/System/Library/Frameworks/CoreGraphics.framework/Versions/A/CoreGraphics
0x000000019c6b5000 	/System/Library/Frameworks/GSS.framework/Versions/A/GSS
0x000000019aaaa000 	/System/Library/PrivateFrameworks/InternationalSupport.framework/Versions/A/InternationalSupport
0x0000000190567000 	/System/Library/PrivateFrameworks/RunningBoardServices.framework/Versions/A/RunningBoardServices
0x00000001a5469000 	/System/Library/PrivateFrameworks/StreamingZip.framework/Versions/A/StreamingZip
0x000000018ea1c000 	/usr/lib/libenergytrace.dylib
0x0000000190662000 	/System/Library/Frameworks/Network.framework/Versions/A/Network
0x0000000197377000 	/usr/lib/libbsm.0.dylib
0x00000001980b6000 	/usr/lib/system/libkxld.dylib
0x000000023bc46000 	/System/Library/PrivateFrameworks/AppleKeyStore.framework/Versions/A/AppleKeyStore
0x000000028a6ff000 	/usr/lib/libCoreEntitlements.dylib
0x000000026076f000 	/System/Library/PrivateFrameworks/MessageSecurity.framework/Versions/A/MessageSecurity
0x00000001901ce000 	/System/Library/PrivateFrameworks/ProtocolBuffer.framework/Versions/A/ProtocolBuffer
0x00000001a1922000 	/System/Library/PrivateFrameworks/SymptomDiagnosticReporter.framework/Versions/A/SymptomDiagnosticReporter
0x000000019982d000 	/System/Library/PrivateFrameworks/CrashReporterSupport.framework/Versions/A/CrashReporterSupport
0x000000018ea1e000 	/usr/lib/libMobileGestalt.dylib
0x0000000197ad5000 	/System/Library/PrivateFrameworks/AppleFSCompression.framework/Versions/A/AppleFSCompression
0x000000019735f000 	/usr/lib/libcoretls.dylib
0x000000019965e000 	/usr/lib/libcoretls_cfhelpers.dylib
0x000000019833c000 	/usr/lib/libpam.2.dylib
0x00000001996d4000 	/usr/lib/libxar.1.dylib
0x0000000199660000 	/System/Library/PrivateFrameworks/APFS.framework/Versions/A/APFS
0x000000027854c000 	/System/Library/PrivateFrameworks/SwiftASN1Internal.framework/Versions/A/SwiftASN1Internal
0x00000001996e3000 	/usr/lib/libutil.dylib
0x0000000195d12000 	/System/Library/PrivateFrameworks/AppleSystemInfo.framework/Versions/A/AppleSystemInfo
0x0000000197027000 	/System/Library/PrivateFrameworks/IOMobileFramebuffer.framework/Versions/A/IOMobileFramebuffer
0x000000019492d000 	/System/Library/Frameworks/IOSurface.framework/Versions/A/IOSurface
0x00000001a4279000 	/System/Library/PrivateFrameworks/CoreWiFi.framework/Versions/A/CoreWiFi
0x00000001b53ce000 	/System/Library/PrivateFrameworks/LoggingSupport.framework/Versions/A/LoggingSupport
0x000000019c718000 	/System/Library/PrivateFrameworks/MobileAsset.framework/Versions/A/MobileAsset
0x00000001a1932000 	/System/Library/PrivateFrameworks/PowerLog.framework/Versions/A/PowerLog
0x00000001a2dee000 	/System/Library/PrivateFrameworks/Rapport.framework/Versions/A/Rapport
0x000000023490b000 	/System/Library/Frameworks/SwiftData.framework/Versions/A/SwiftData
0x000000018e082000 	/System/Library/Frameworks/UniformTypeIdentifiers.framework/Versions/A/UniformTypeIdentifiers
0x0000000192d68000 	/System/Library/PrivateFrameworks/UserManagement.framework/Versions/A/UserManagement
0x000000018e573000 	/usr/lib/libboringssl.dylib
0x0000000190647000 	/usr/lib/libdns_services.dylib
0x00000001b4409000 	/usr/lib/libquic.dylib
0x000000019b914000 	/usr/lib/libusrtcp.dylib
0x000000023cafa000 	/System/Library/PrivateFrameworks/AtomicsInternal.framework/Versions/A/AtomicsInternal
0x00000001db5c4000 	/System/Library/PrivateFrameworks/InternalSwiftProtobuf.framework/Versions/A/InternalSwiftProtobuf
0x000000028c20e000 	/usr/lib/swift/libswiftDistributed.dylib
0x000000028c237000 	/usr/lib/swift/libswiftObservation.dylib
0x000000028c373000 	/usr/lib/swift/libswiftSynchronization.dylib
0x0000000195d10000 	/System/Library/PrivateFrameworks/AggregateDictionary.framework/Versions/A/AggregateDictionary
0x000000023d2b6000 	/System/Library/PrivateFrameworks/BiomeLibrary.framework/Versions/A/BiomeLibrary
0x00000001c44b7000 	/System/Library/PrivateFrameworks/BiomeStreams.framework/Versions/A/BiomeStreams
0x00000001c0539000 	/System/Library/PrivateFrameworks/BiomeFoundation.framework/Versions/A/BiomeFoundation
0x00000001ca72c000 	/System/Library/PrivateFrameworks/BiomePubSub.framework/Versions/A/BiomePubSub
0x000000018fde0000 	/System/Library/Frameworks/CoreData.framework/Versions/A/CoreData
0x00000001a644c000 	/System/Library/PrivateFrameworks/ProactiveSupport.framework/Versions/A/ProactiveSupport
0x0000000236956000 	/System/Library/Frameworks/_LocationEssentials.framework/Versions/A/_LocationEssentials
0x000000019963f000 	/usr/lib/liblzma.5.dylib
0x00000001a0a2d000 	/System/Library/Frameworks/Accelerate.framework/Versions/A/Accelerate
0x0000000197258000 	/System/Library/PrivateFrameworks/MobileKeyBag.framework/Versions/A/MobileKeyBag
0x00000001a4e6f000 	/System/Library/PrivateFrameworks/InternationalTextSearch.framework/Versions/A/InternationalTextSearch
0x00000001bca1e000 	/System/Library/PrivateFrameworks/SoftwareUpdateCoreSupport.framework/Versions/A/SoftwareUpdateCoreSupport
0x00000001c4f55000 	/System/Library/PrivateFrameworks/SoftwareUpdateCoreConnect.framework/Versions/A/SoftwareUpdateCoreConnect
0x00000001a4a13000 	/System/Library/PrivateFrameworks/RemoteServiceDiscovery.framework/Versions/A/RemoteServiceDiscovery
0x00000001bc5f4000 	/System/Library/PrivateFrameworks/MSUDataAccessor.framework/Versions/A/MSUDataAccessor
0x00000001b7599000 	/usr/lib/libbootpolicy.dylib
0x00000001a4a2a000 	/System/Library/PrivateFrameworks/RemoteXPC.framework/Versions/A/RemoteXPC
0x00000001c438b000 	/usr/lib/libFDR.dylib
0x00000001ca32e000 	/usr/lib/libamsupport.dylib
0x000000028a9f5000 	/usr/lib/libReverseProxyDevice.dylib
0x000000023b4bb000 	/System/Library/PrivateFrameworks/AppleDeviceQuerySupport.framework/Versions/A/AppleDeviceQuerySupport
0x00000001cd4ea000 	/usr/lib/libpartition2_dynamic.dylib
0x00000001982d6000 	/System/Library/PrivateFrameworks/AppleSauce.framework/Versions/A/AppleSauce
0x000000028a5aa000 	/usr/lib/libAppleArchive.dylib
0x0000000197ae1000 	/usr/lib/libbz2.1.0.dylib
0x0000000191fb0000 	/System/Library/Frameworks/Accelerate.framework/Versions/A/Frameworks/vImage.framework/Versions/A/vImage
0x00000001a0789000 	/System/Library/Frameworks/Accelerate.framework/Versions/A/Frameworks/vecLib.framework/Versions/A/vecLib
0x000000019971a000 	/System/Library/Frameworks/Accelerate.framework/Versions/A/Frameworks/vecLib.framework/Versions/A/libvMisc.dylib
0x0000000188d99000 	/System/Library/Frameworks/Accelerate.framework/Versions/A/Frameworks/vecLib.framework/Versions/A/libBLAS.dylib
0x00000001a4e6e000 	/System/Library/Frameworks/ApplicationServices.framework/Versions/A/ApplicationServices
0x0000000192ca6000 	/System/Library/Frameworks/CoreVideo.framework/Versions/A/CoreVideo
0x000000018f7e4000 	/System/Library/Frameworks/ColorSync.framework/Versions/A/ColorSync
0x000000018b219000 	/System/Library/Frameworks/CoreText.framework/Versions/A/CoreText
0x0000000195420000 	/System/Library/Frameworks/ImageIO.framework/Versions/A/ImageIO
0x000000019c2cc000 	/System/Library/Frameworks/ApplicationServices.framework/Versions/A/Frameworks/ATS.framework/Versions/A/ATS
0x000000018f98c000 	/System/Library/Frameworks/ApplicationServices.framework/Versions/A/Frameworks/HIServices.framework/Versions/A/HIServices
0x000000019a9a0000 	/System/Library/Frameworks/ApplicationServices.framework/Versions/A/Frameworks/PrintCore.framework/Versions/A/PrintCore
0x000000019c67e000 	/System/Library/Frameworks/ApplicationServices.framework/Versions/A/Frameworks/QD.framework/Versions/A/QD
0x000000019c679000 	/System/Library/Frameworks/ApplicationServices.framework/Versions/A/Frameworks/ColorSyncLegacy.framework/Versions/A/ColorSyncLegacy
0x000000019c29e000 	/System/Library/Frameworks/ApplicationServices.framework/Versions/A/Frameworks/SpeechSynthesis.framework/Versions/A/SpeechSynthesis
0x000000018eada000 	/System/Library/PrivateFrameworks/SkyLight.framework/Versions/A/SkyLight
0x0000000194dfb000 	/System/Library/PrivateFrameworks/FontServices.framework/libFontParser.dylib
0x0000000190475000 	/System/Library/PrivateFrameworks/BaseBoard.framework/Versions/A/BaseBoard
0x00000001a286f000 	/System/Library/PrivateFrameworks/BoardServices.framework/Versions/A/BoardServices
0x00000001a473b000 	/System/Library/PrivateFrameworks/BackBoardServices.framework/Versions/A/BackBoardServices
0x000000023d1bb000 	/System/Library/PrivateFrameworks/BackBoardHIDEventFoundation.framework/Versions/A/BackBoardHIDEventFoundation
0x000000018ad35000 	/System/Library/Frameworks/CoreDisplay.framework/Versions/A/CoreDisplay
0x000000019a2f9000 	/System/Library/Frameworks/VideoToolbox.framework/Versions/A/VideoToolbox
0x000000019833a000 	/System/Library/Frameworks/MetalPerformanceShaders.framework/Versions/A/MetalPerformanceShaders
0x000000026ae1d000 	/System/Library/PrivateFrameworks/ProDisplayLibrary.framework/Versions/A/ProDisplayLibrary
0x00000001a855a000 	/System/Library/PrivateFrameworks/IOSurfaceAccelerator.framework/Versions/A/IOSurfaceAccelerator
0x0000000194955000 	/System/Library/Frameworks/Metal.framework/Versions/A/Metal
0x000000019494a000 	/System/Library/PrivateFrameworks/IOAccelerator.framework/Versions/A/IOAccelerator
0x0000000194c59000 	/System/Library/Frameworks/CoreMedia.framework/Versions/A/CoreMedia
0x000000018eab6000 	/System/Library/PrivateFrameworks/TCC.framework/Versions/A/TCC
0x000000019a2b1000 	/System/Library/PrivateFrameworks/WatchdogClient.framework/Versions/A/WatchdogClient
0x00000001923d5000 	/System/Library/Frameworks/QuartzCore.framework/Versions/A/QuartzCore
0x000000019a2b3000 	/System/Library/PrivateFrameworks/MultitouchSupport.framework/Versions/A/MultitouchSupport
0x00000001cd2d2000 	/usr/lib/swift/libswiftAccelerate.dylib
0x00000001b54ec000 	/usr/lib/swift/libswiftCoreAudio.dylib
0x00000001d143b000 	/usr/lib/swift/libswiftCoreMedia.dylib
0x00000001c3459000 	/usr/lib/swift/libswiftMetal.dylib
0x00000001d2be9000 	/usr/lib/swift/libswiftOSLog.dylib
0x00000001c883a000 	/usr/lib/swift/libswiftQuartzCore.dylib
0x00000001cd2c2000 	/usr/lib/swift/libswiftUniformTypeIdentifiers.dylib
0x000000028c3a1000 	/usr/lib/swift/libswiftVideoToolbox.dylib
0x00000001b9047000 	/usr/lib/swift/libswiftsimd.dylib
0x00000001ca78d000 	/System/Library/PrivateFrameworks/BiomeStorage.framework/Versions/A/BiomeStorage
0x00000002594c0000 	/System/Library/PrivateFrameworks/IntelligencePlatformLibrary.framework/Versions/A/IntelligencePlatformLibrary
0x0000000269be5000 	/System/Library/PrivateFrameworks/PoirotSchematizer.framework/Versions/A/PoirotSchematizer
0x000000023db64000 	/System/Library/PrivateFrameworks/BiomeSync.framework/Versions/A/BiomeSync
0x000000023d29c000 	/System/Library/PrivateFrameworks/BiomeDSL.framework/Versions/A/BiomeDSL
0x00000001e36fa000 	/System/Library/PrivateFrameworks/FeatureFlags.framework/Versions/A/FeatureFlags
0x0000000269c53000 	/System/Library/PrivateFrameworks/PoirotUDFs.framework/Versions/A/PoirotUDFs
0x000000028c449000 	/usr/lib/swift/libswift_DarwinFoundation2.dylib
0x000000028c44a000 	/usr/lib/swift/libswift_DarwinFoundation3.dylib
0x00000001a2de3000 	/System/Library/PrivateFrameworks/CoreTime.framework/Versions/A/CoreTime
0x0000000198154000 	/usr/lib/libiconv.2.dylib
0x00000001980b1000 	/usr/lib/libcharset.1.dylib
0x0000000269ba8000 	/System/Library/PrivateFrameworks/PoirotSQLite.framework/Versions/A/PoirotSQLite
0x000000028c44b000 	/usr/lib/swift/libswift_RegexParser.dylib
0x000000023f192000 	/System/Library/PrivateFrameworks/CascadeSets.framework/Versions/A/CascadeSets
0x000000019c88e000 	/System/Library/PrivateFrameworks/CorePhoneNumbers.framework/Versions/A/CorePhoneNumbers
0x000000019a0ab000 	/System/Library/PrivateFrameworks/AppleJPEG.framework/Versions/A/AppleJPEG
0x0000000199a84000 	/usr/lib/libexpat.1.dylib
0x000000019a876000 	/System/Library/Frameworks/ImageIO.framework/Versions/A/Resources/libPng.dylib
0x000000019a8a1000 	/System/Library/Frameworks/ImageIO.framework/Versions/A/Resources/libTIFF.dylib
0x000000019a989000 	/System/Library/Frameworks/ImageIO.framework/Versions/A/Resources/libGIF.dylib
0x000000019a0f0000 	/System/Library/Frameworks/ImageIO.framework/Versions/A/Resources/libJP2.dylib
0x0000000199794000 	/usr/lib/libate.dylib
0x000000019a930000 	/System/Library/Frameworks/ImageIO.framework/Versions/A/Resources/libJPEG.dylib
0x000000019a927000 	/System/Library/Frameworks/ImageIO.framework/Versions/A/Resources/libRadiance.dylib
0x000000024f209000 	/System/Library/PrivateFrameworks/GPUCompiler.framework/Versions/32023/Libraries/libllvm-flatbuffers.dylib
0x0000000249c69000 	/System/Library/PrivateFrameworks/FramePacing.framework/Versions/A/FramePacing
0x000000022d35a000 	/System/Library/Frameworks/OpenGL.framework/Versions/A/Libraries/libCoreFSCache.dylib
0x000000024ad96000 	/System/Library/PrivateFrameworks/GPUCompiler.framework/Versions/32023/Libraries/libGPUCompilerUtils.dylib
0x00000001a293c000 	/System/Library/PrivateFrameworks/GraphicsServices.framework/Versions/A/GraphicsServices
0x000000022d368000 	/System/Library/Frameworks/OpenGL.framework/Versions/A/OpenGL
0x000000022d3b9000 	/System/Library/Frameworks/OpenGL.framework/Versions/A/Libraries/libGLU.dylib
0x000000022d37c000 	/System/Library/Frameworks/OpenGL.framework/Versions/A/Libraries/libGFXShared.dylib
0x000000022d549000 	/System/Library/Frameworks/OpenGL.framework/Versions/A/Libraries/libGL.dylib
0x000000022d385000 	/System/Library/Frameworks/OpenGL.framework/Versions/A/Libraries/libGLImage.dylib
0x000000022d379000 	/System/Library/Frameworks/OpenGL.framework/Versions/A/Libraries/libCVMSPluginSupport.dylib
0x000000022d362000 	/System/Library/Frameworks/OpenGL.framework/Versions/A/Libraries/libCoreVMClient.dylib
0x000000019a922000 	/System/Library/PrivateFrameworks/GPUWrangler.framework/Versions/A/GPUWrangler
0x000000019a902000 	/System/Library/PrivateFrameworks/IOPresentment.framework/Versions/A/IOPresentment
0x000000019a92a000 	/System/Library/PrivateFrameworks/DSExternalDisplay.framework/Versions/A/DSExternalDisplay
0x0000000280368000 	/System/Library/PrivateFrameworks/VideoToolboxParavirtualizationSupport.framework/Versions/A/VideoToolboxParavirtualizationSupport
0x0000000199a3b000 	/System/Library/PrivateFrameworks/AppleVA.framework/Versions/A/AppleVA
0x000000022f3de000 	/System/Library/Frameworks/ExtensionFoundation.framework/Versions/A/ExtensionFoundation
0x000000019a98f000 	/System/Library/PrivateFrameworks/CMCaptureCore.framework/Versions/A/CMCaptureCore
0x0000000199d15000 	/usr/lib/libspindump.dylib
0x000000018b442000 	/System/Library/Frameworks/CoreAudio.framework/Versions/A/CoreAudio
0x0000000199d08000 	/System/Library/PrivateFrameworks/AppServerSupport.framework/Versions/A/AppServerSupport
0x000000019c687000 	/System/Library/PrivateFrameworks/perfdata.framework/Versions/A/perfdata
0x000000018ae56000 	/System/Library/PrivateFrameworks/AudioToolboxCore.framework/Versions/A/AudioToolboxCore
0x0000000194c2f000 	/System/Library/PrivateFrameworks/caulk.framework/Versions/A/caulk
0x000000019c284000 	/usr/lib/libAudioStatistics.dylib
0x00000001b44fe000 	/System/Library/PrivateFrameworks/SystemPolicy.framework/Versions/A/SystemPolicy
0x000000019c52c000 	/usr/lib/libSMC.dylib
0x00000001bbe18000 	/usr/lib/swift/libswiftCoreMIDI.dylib
0x00000001a7852000 	/System/Library/Frameworks/CoreMIDI.framework/Versions/A/CoreMIDI
0x000000019a850000 	/usr/lib/libAudioToolboxUtility.dylib
0x000000019c695000 	/usr/lib/libperfcheck.dylib
0x000000023cbc9000 	/System/Library/PrivateFrameworks/AudioAnalytics.framework/Versions/A/AudioAnalytics
0x00000001db2b6000 	/System/Library/Frameworks/OSLog.framework/Versions/A/OSLog
0x0000000265669000 	/System/Library/PrivateFrameworks/OSEligibility.framework/Versions/A/OSEligibility
0x0000000199b0a000 	/System/Library/PrivateFrameworks/IconServices.framework/Versions/A/IconServices
0x00000002307c9000 	/System/Library/Frameworks/LightweightCodeRequirements.framework/Versions/A/LightweightCodeRequirements
0x0000000199984000 	/System/Library/PrivateFrameworks/PlugInKit.framework/Versions/A/PlugInKit
0x0000000197270000 	/System/Library/PrivateFrameworks/AssertionServices.framework/Versions/A/AssertionServices
0x0000000199aa9000 	/System/Library/PrivateFrameworks/IconFoundation.framework/Versions/A/IconFoundation
0x000000025602e000 	/System/Library/PrivateFrameworks/IconRendering.framework/Versions/A/IconRendering
0x000000019283d000 	/System/Library/PrivateFrameworks/CoreUI.framework/Versions/A/CoreUI
0x000000019575f000 	/System/Library/Frameworks/CoreImage.framework/Versions/A/CoreImage
0x000000026d005000 	/System/Library/PrivateFrameworks/SFSymbols.framework/Versions/A/SFSymbols
0x000000022f294000 	/System/Library/Frameworks/DeveloperToolsSupport.framework/Versions/A/DeveloperToolsSupport
0x00000001ac684000 	/System/Library/PrivateFrameworks/RenderBox.framework/Versions/A/RenderBox
0x00000001953e2000 	/System/Library/PrivateFrameworks/CoreSVG.framework/Versions/A/CoreSVG
0x000000019aa13000 	/System/Library/PrivateFrameworks/TextureIO.framework/Versions/A/TextureIO
0x00000001b556c000 	/usr/lib/swift/libswiftCoreImage.dylib
0x0000000199cb8000 	/System/Library/PrivateFrameworks/GraphVisualizer.framework/Versions/A/GraphVisualizer
0x0000000249b74000 	/System/Library/PrivateFrameworks/FontServices.framework/Versions/A/FontServices
0x0000000199cc8000 	/System/Library/PrivateFrameworks/OTSVG.framework/Versions/A/OTSVG
0x00000001927eb000 	/System/Library/Frameworks/ApplicationServices.framework/Versions/A/Frameworks/ATS.framework/Versions/A/Resources/libFontRegistry.dylib
0x000000028b585000 	/usr/lib/libhvf.dylib
0x00000002662e9000 	/System/Library/PrivateFrameworks/ParsingInternal.framework/Versions/A/ParsingInternal
0x0000000249b78000 	/System/Library/PrivateFrameworks/FontServices.framework/libXTFontStaticRegistryData.dylib
0x0000000195c4a000 	/System/Library/Frameworks/MetalPerformanceShaders.framework/Versions/A/Frameworks/MPSCore.framework/Versions/A/MPSCore
0x0000000197a40000 	/System/Library/Frameworks/MetalPerformanceShaders.framework/Versions/A/Frameworks/MPSImage.framework/Versions/A/MPSImage
0x00000001973ff000 	/System/Library/Frameworks/MetalPerformanceShaders.framework/Versions/A/Frameworks/MPSNeuralNetwork.framework/Versions/A/MPSNeuralNetwork
0x000000019783e000 	/System/Library/Frameworks/MetalPerformanceShaders.framework/Versions/A/Frameworks/MPSMatrix.framework/Versions/A/MPSMatrix
0x0000000197656000 	/System/Library/Frameworks/MetalPerformanceShaders.framework/Versions/A/Frameworks/MPSRayIntersector.framework/Versions/A/MPSRayIntersector
0x0000000197870000 	/System/Library/Frameworks/MetalPerformanceShaders.framework/Versions/A/Frameworks/MPSNDArray.framework/Versions/A/MPSNDArray
0x000000023164a000 	/System/Library/Frameworks/MetalPerformanceShaders.framework/Versions/A/Frameworks/MPSFunctions.framework/Versions/A/MPSFunctions
0x000000023162b000 	/System/Library/Frameworks/MetalPerformanceShaders.framework/Versions/A/Frameworks/MPSBenchmarkLoop.framework/Versions/A/MPSBenchmarkLoop
0x000000023165e000 	/System/Library/Frameworks/MetalPerformanceShaders.framework/Versions/A/Frameworks/MPSHost.framework/Versions/A/MPSHost
0x0000000188bb0000 	/System/Library/PrivateFrameworks/MetalTools.framework/Versions/A/MetalTools
0x00000001ba75d000 	/System/Library/PrivateFrameworks/IOAccelMemoryInfo.framework/Versions/A/IOAccelMemoryInfo
0x00000001c8c2d000 	/System/Library/PrivateFrameworks/kperf.framework/Versions/A/kperf
0x00000001b54e8000 	/System/Library/PrivateFrameworks/GPURawCounter.framework/Versions/A/GPURawCounter
0x00000001a65d7000 	/System/Library/PrivateFrameworks/ASEProcessing.framework/Versions/A/ASEProcessing
0x00000001d6caf000 	/System/Library/PrivateFrameworks/Symbolication.framework/Versions/A/Symbolication
0x0000000269794000 	/System/Library/PrivateFrameworks/PhotosensitivityProcessing.framework/Versions/A/PhotosensitivityProcessing
0x000000026d08b000 	/System/Library/PrivateFrameworks/SILManager.framework/Versions/A/SILManager
0x00000001a2c87000 	/System/Library/PrivateFrameworks/CoreSymbolication.framework/Versions/A/CoreSymbolication
0x00000001b545d000 	/System/Library/PrivateFrameworks/MallocStackLogging.framework/Versions/A/MallocStackLogging
0x00000001a2c65000 	/System/Library/PrivateFrameworks/DebugSymbols.framework/Versions/A/DebugSymbols
0x00000001c73a4000 	/System/Library/PrivateFrameworks/OSAnalytics.framework/Versions/A/OSAnalytics
0x00000002478db000 	/System/Library/PrivateFrameworks/DeviceRecovery.framework/Versions/A/DeviceRecovery
0x000000027bc5f000 	/System/Library/PrivateFrameworks/Tightbeam.framework/Versions/A/Tightbeam
0x00000001c3467000 	/usr/lib/swift/libswiftCompression.dylib
0x00000001cda57000 	/System/Library/PrivateFrameworks/AFKUser.framework/Versions/A/AFKUser
0x000000019a95b000 	/System/Library/Frameworks/ApplicationServices.framework/Versions/A/Frameworks/ATSUI.framework/Versions/A/ATSUI
0x000000019c02e000 	/System/Library/Frameworks/AudioToolbox.framework/Versions/A/AudioToolbox
0x0000000197ea8000 	/System/Library/Frameworks/UserNotifications.framework/Versions/A/UserNotifications
0x00000001baeea000 	/System/Library/PrivateFrameworks/SiriInstrumentation.framework/Versions/A/SiriInstrumentation
0x000000026f4c2000 	/System/Library/PrivateFrameworks/SiriAnalytics.framework/Versions/A/SiriAnalytics
0x00000001b867e000 	/System/Library/PrivateFrameworks/FeedbackLogger.framework/Versions/A/FeedbackLogger
0x00000001d2e81000 	/usr/lib/swift/libswiftAVFoundation.dylib
0x000000027e483000 	/System/Library/PrivateFrameworks/UnifiedAssetFramework.framework/Versions/A/UnifiedAssetFramework
0x000000019c203000 	/System/Library/PrivateFrameworks/AudioSession.framework/Versions/A/AudioSession
0x0000000199bc9000 	/System/Library/PrivateFrameworks/MediaExperience.framework/Versions/A/MediaExperience
0x000000019bfd8000 	/System/Library/PrivateFrameworks/AudioSession.framework/libSessionUtility.dylib
0x00000001a1817000 	/System/Library/Frameworks/CoreBluetooth.framework/Versions/A/CoreBluetooth
0x00000001970e4000 	/System/Library/PrivateFrameworks/CoreUtils.framework/Versions/A/CoreUtils
0x00000001ad3b6000 	/System/Library/PrivateFrameworks/HID.framework/Versions/A/HID
0x0000000246b82000 	/System/Library/PrivateFrameworks/CoreUtilsExtras.framework/Versions/A/CoreUtilsExtras
0x0000000255f83000 	/System/Library/PrivateFrameworks/IO80211.framework/Versions/A/IO80211
0x000000019e1b5000 	/System/Library/Frameworks/IOBluetooth.framework/Versions/A/IOBluetooth
0x000000028c256000 	/usr/lib/swift/libswiftRegexBuilder.dylib
0x0000000199824000 	/usr/lib/libIOReport.dylib
0x00000001e377e000 	/System/Library/PrivateFrameworks/WiFiPeerToPeer.framework/Versions/A/WiFiPeerToPeer
0x000000019727f000 	/System/Library/Frameworks/SecurityFoundation.framework/Versions/A/SecurityFoundation
0x000000023f246000 	/System/Library/PrivateFrameworks/Centauri.framework/Versions/A/Centauri
0x0000000189594000 	/System/Library/PrivateFrameworks/Lexicon.framework/Versions/A/Lexicon
0x000000028b9d5000 	/usr/lib/libmrc.dylib
0x0000000255fee000 	/System/Library/PrivateFrameworks/IPConfiguration.framework/Versions/A/IPConfiguration
0x00000001d7487000 	/System/Library/PrivateFrameworks/Netrb.framework/Versions/A/Netrb
0x00000001a2795000 	/System/Library/PrivateFrameworks/FrontBoardServices.framework/Versions/A/FrontBoardServices
0x00000001973e8000 	/usr/lib/libgermantok.dylib
0x0000000195e39000 	/System/Library/PrivateFrameworks/LinguisticData.framework/Versions/A/LinguisticData
0x00000001a1a20000 	/System/Library/PrivateFrameworks/MediaKit.framework/Versions/A/MediaKit
0x00000001a196e000 	/System/Library/Frameworks/DiscRecording.framework/Versions/A/DiscRecording
0x0000000199a9f000 	/usr/lib/libheimdal-asn1.dylib
0x00000001a543f000 	/System/Library/Frameworks/AudioUnit.framework/Versions/A/AudioUnit
0x0000000192b03000 	/System/Library/Frameworks/OpenDirectory.framework/Versions/A/OpenDirectory
0x0000000192b11000 	/System/Library/Frameworks/OpenDirectory.framework/Versions/A/Frameworks/CFOpenDirectory.framework/Versions/A/CFOpenDirectory
0x000000019e55b000 	/System/Library/PrivateFrameworks/GeoServices.framework/Versions/A/GeoServices
0x000000019bf9e000 	/System/Library/PrivateFrameworks/LocationSupport.framework/Versions/A/LocationSupport
0x0000000252cae000 	/System/Library/PrivateFrameworks/GeoServicesCore.framework/Versions/A/GeoServicesCore
0x00000001ae2b5000 	/System/Library/PrivateFrameworks/PhoneNumbers.framework/Versions/A/PhoneNumbers
0x000000025b44b000 	/System/Library/PrivateFrameworks/LocationLogEncryption.framework/Versions/A/LocationLogEncryption
0x000000022d8d5000 	/System/Library/Frameworks/AVFAudio.framework/Versions/A/AVFAudio
0x000000022da19000 	/System/Library/Frameworks/AVRouting.framework/Versions/A/AVRouting
0x00000001ae3cd000 	/usr/lib/libAccessibility.dylib
0x0000000259e3c000 	/System/Library/PrivateFrameworks/IsolatedCoreAudioClient.framework/Versions/A/IsolatedCoreAudioClient
0x00000002429d8000 	/System/Library/PrivateFrameworks/CoreAudioOrchestration.framework/Versions/A/CoreAudioOrchestration
0x000000019ae77000 	/System/Library/Frameworks/MediaToolbox.framework/Versions/A/MediaToolbox
0x00000001a1b46000 	/System/Library/PrivateFrameworks/CoreAVCHD.framework/Versions/A/CoreAVCHD
0x00000001a0a7c000 	/System/Library/Frameworks/MediaAccessibility.framework/Versions/A/MediaAccessibility
0x00000001a1b42000 	/System/Library/PrivateFrameworks/Mangrove.framework/Versions/A/Mangrove
0x000000023e884000 	/System/Library/PrivateFrameworks/CMPhoto.framework/Versions/A/CMPhoto
0x00000001a230a000 	/System/Library/Frameworks/CoreTelephony.framework/Versions/A/CoreTelephony
0x00000001a1b35000 	/System/Library/PrivateFrameworks/CoreAUC.framework/Versions/A/CoreAUC
0x000000023ba77000 	/System/Library/PrivateFrameworks/AppleJPEGXL.framework/Versions/A/AppleJPEGXL
0x000000019c89e000 	/usr/lib/libTelephonyUtilDynamic.dylib
0x00000001de31d000 	/System/Library/Frameworks/CryptoKit.framework/Versions/A/CryptoKit
0x00000001a543a000 	/System/Library/PrivateFrameworks/CryptoKitCBridging.framework/Versions/A/CryptoKitCBridging
0x00000001a294e000 	/System/Library/Frameworks/CryptoTokenKit.framework/Versions/A/CryptoTokenKit
0x000000024735d000 	/System/Library/PrivateFrameworks/Dendrite.framework/Versions/A/Dendrite
0x00000001b5092000 	/System/Library/Frameworks/NaturalLanguage.framework/Versions/A/NaturalLanguage
0x00000002529ba000 	/System/Library/PrivateFrameworks/GenerativeModels.framework/Versions/A/GenerativeModels
0x00000001e3706000 	/usr/lib/swift/libswiftNaturalLanguage.dylib
0x000000023c5e9000 	/System/Library/PrivateFrameworks/AppleMobileFileIntegrity.framework/Versions/A/AppleMobileFileIntegrity
0x000000028aa6c000 	/usr/lib/libTLE.dylib
0x00000001b548f000 	/usr/lib/libmis.dylib
0x00000001ecd22000 	/System/Library/PrivateFrameworks/ConfigProfileHelper.framework/Versions/A/ConfigProfileHelper
0x00000001a55c9000 	/System/Library/PrivateFrameworks/Espresso.framework/Versions/A/Espresso
0x0000000193290000 	/System/Library/Frameworks/CoreML.framework/Versions/A/CoreML
0x00000001e15c6000 	/usr/lib/libedit.3.dylib
0x000000022a6e4000 	/System/Library/PrivateFrameworks/ANECompiler.framework/Versions/A/ANECompiler
0x00000001a7697000 	/System/Library/PrivateFrameworks/AppleNeuralEngine.framework/Versions/A/AppleNeuralEngine
0x000000025b569000 	/System/Library/PrivateFrameworks/MIL.framework/Versions/A/MIL
0x0000000231664000 	/System/Library/Frameworks/MetalPerformanceShadersGraph.framework/Versions/A/MetalPerformanceShadersGraph
0x000000025bcd8000 	/System/Library/PrivateFrameworks/MLCompilerServices.framework/Versions/A/MLCompilerServices
0x00000001a641b000 	/System/Library/PrivateFrameworks/ANEServices.framework/Versions/A/ANEServices
0x00000001ba720000 	/usr/lib/libncurses.5.4.dylib
0x000000018c749000 	/usr/lib/libsandbox.1.dylib
0x00000001999c5000 	/usr/lib/libMatch.1.dylib
0x00000002653eb000 	/System/Library/PrivateFrameworks/ODIE.framework/Versions/A/ODIE
0x000000025e965000 	/System/Library/PrivateFrameworks/MLModelAsset.framework/Versions/A/MLModelAsset
0x000000025bc7e000 	/System/Library/PrivateFrameworks/MLCompilerRuntime.framework/Versions/A/MLCompilerRuntime
0x00000001976ab000 	/System/Library/Frameworks/MLCompute.framework/Versions/A/MLCompute
0x000000025bc00000 	/System/Library/PrivateFrameworks/MLAssetIO.framework/Versions/A/MLAssetIO
0x000000028c228000 	/usr/lib/swift/libswiftMLCompute.dylib
0x00000001a2525000 	/System/Library/PrivateFrameworks/AVFCore.framework/Versions/A/AVFCore
0x00000001abcd6000 	/System/Library/PrivateFrameworks/AVFCapture.framework/Versions/A/AVFCapture
0x000000023e67b000 	/System/Library/PrivateFrameworks/CMImaging.framework/Versions/A/CMImaging
0x00000001abf18000 	/System/Library/PrivateFrameworks/Quagga.framework/Versions/A/Quagga
0x00000001ac049000 	/System/Library/PrivateFrameworks/CMCapture.framework/Versions/A/CMCapture
0x000000019c429000 	/System/Library/Frameworks/CoreMediaIO.framework/Versions/A/CoreMediaIO
0x000000023e5b6000 	/System/Library/PrivateFrameworks/CMCaptureDevice.framework/Versions/A/CMCaptureDevice
0x0000000199e01000 	/System/Library/PrivateFrameworks/CoreBrightness.framework/Versions/A/CoreBrightness
0x000000023f73c000 	/System/Library/PrivateFrameworks/CinematicFraming.framework/Versions/A/CinematicFraming
0x0000000261a38000 	/System/Library/PrivateFrameworks/ModelManagerServices.framework/Versions/A/ModelManagerServices
0x00000001cfef6000 	/System/Library/PrivateFrameworks/CPMS.framework/Versions/A/CPMS
0x0000000279399000 	/System/Library/PrivateFrameworks/SystemStatus.framework/Versions/A/SystemStatus
0x00000001b3ed3000 	/System/Library/Frameworks/CoreMotion.framework/Versions/A/CoreMotion
0x00000001c4436000 	/System/Library/PrivateFrameworks/TimeSync.framework/Versions/A/TimeSync
0x0000000247d0e000 	/System/Library/PrivateFrameworks/DistributedSensing.framework/Versions/A/DistributedSensing
0x00000001bf850000 	/System/Library/PrivateFrameworks/MobileBluetooth.framework/Versions/A/MobileBluetooth
0x00000001c60f2000 	/System/Library/PrivateFrameworks/IOKitten.framework/Versions/A/IOKitten
0x000000023b8f5000 	/System/Library/PrivateFrameworks/AppleIntelligenceReporting.framework/Versions/A/AppleIntelligenceReporting
0x0000000196ff3000 	/System/Library/PrivateFrameworks/CoreEmoji.framework/Versions/A/CoreEmoji
0x00000001898a6000 	/usr/lib/libCRFSuite.dylib
0x000000018ab86000 	/System/Library/PrivateFrameworks/LanguageModeling.framework/Versions/A/LanguageModeling
0x0000000195d19000 	/System/Library/PrivateFrameworks/CoreNLP.framework/Versions/A/CoreNLP
0x000000018faf5000 	/System/Library/PrivateFrameworks/Montreal.framework/Versions/A/Montreal
0x000000019815c000 	/usr/lib/libcmph.dylib
0x0000000197389000 	/usr/lib/libmecab.dylib
0x00000001982cd000 	/usr/lib/libThaiTokenizer.dylib
0x0000000252a9d000 	/System/Library/PrivateFrameworks/GenerativeModelsFoundation.framework/Versions/A/GenerativeModelsFoundation
0x000000027c162000 	/System/Library/PrivateFrameworks/TokenGeneration.framework/Versions/A/TokenGeneration
0x0000000252870000 	/System/Library/PrivateFrameworks/GenerativeFunctions.framework/Versions/A/GenerativeFunctions
0x00000002528be000 	/System/Library/PrivateFrameworks/GenerativeFunctionsFoundation.framework/Versions/A/GenerativeFunctionsFoundation
0x00000002616fd000 	/System/Library/PrivateFrameworks/ModelCatalog.framework/Versions/A/ModelCatalog
0x000000026e6e0000 	/System/Library/PrivateFrameworks/SensitiveContentAnalysisML.framework/Versions/A/SensitiveContentAnalysisML
0x0000000252954000 	/System/Library/PrivateFrameworks/GenerativeFunctionsInstrumentation.framework/Versions/A/GenerativeFunctionsInstrumentation
0x000000026b583000 	/System/Library/PrivateFrameworks/PromptKit.framework/Versions/A/PromptKit
0x000000026afbc000 	/System/Library/PrivateFrameworks/ProactiveDaemonSupport.framework/Versions/A/ProactiveDaemonSupport
0x000000027c39a000 	/System/Library/PrivateFrameworks/TokenGenerationCore.framework/Versions/A/TokenGenerationCore
0x00000001b5f5b000 	/System/Library/PrivateFrameworks/Trial.framework/Versions/A/Trial
0x00000001b5edc000 	/System/Library/PrivateFrameworks/TrialProto.framework/Versions/A/TrialProto
0x000000023b522000 	/System/Library/PrivateFrameworks/AppleFlatBuffers.framework/Versions/A/AppleFlatBuffers
0x000000026e9b0000 	/System/Library/PrivateFrameworks/SentencePieceInternal.framework/Versions/A/SentencePieceInternal
0x00000001a0ad5000 	/System/Library/Frameworks/Vision.framework/Versions/A/Vision
0x000000024687b000 	/System/Library/PrivateFrameworks/CoreSceneUnderstanding.framework/Versions/A/CoreSceneUnderstanding
0x0000000280f6c000 	/System/Library/PrivateFrameworks/VisionCore.framework/Versions/A/VisionCore
0x000000019adb4000 	/System/Library/PrivateFrameworks/DataDetectorsCore.framework/Versions/A/DataDetectorsCore
0x00000001be7df000 	/System/Library/Frameworks/Vision.framework/libfaceCore.dylib
0x00000001bf2f9000 	/System/Library/PrivateFrameworks/Futhark.framework/Versions/A/Futhark
0x00000001c3220000 	/System/Library/PrivateFrameworks/InertiaCam.framework/Versions/A/InertiaCam
0x00000001bf086000 	/System/Library/PrivateFrameworks/TextRecognition.framework/Versions/A/TextRecognition
0x000000022f27d000 	/System/Library/Frameworks/DataDetection.framework/Versions/A/DataDetection
0x00000001b92ca000 	/System/Library/PrivateFrameworks/TextInput.framework/Versions/A/TextInput
0x0000000199862000 	/System/Library/PrivateFrameworks/CVNLP.framework/Versions/A/CVNLP
0x00000001db79b000 	/System/Library/PrivateFrameworks/HIDDisplay.framework/Versions/A/HIDDisplay
0x000000019c60d000 	/usr/lib/libcups.2.dylib
0x000000019c6a3000 	/System/Library/Frameworks/Kerberos.framework/Versions/A/Kerberos
0x000000019c314000 	/usr/lib/libresolv.9.dylib
0x0000000199d1c000 	/System/Library/PrivateFrameworks/Heimdal.framework/Versions/A/Heimdal
0x00000001a543e000 	/System/Library/Frameworks/Kerberos.framework/Versions/A/Libraries/libHeimdalProxy.dylib
0x000000019c707000 	/System/Library/PrivateFrameworks/CommonAuth.framework/Versions/A/CommonAuth
0x00000001ae2c1000 	/System/Library/PrivateFrameworks/AXCoreUtilities.framework/Versions/A/AXCoreUtilities
0x00000001be62a000 	/System/Library/PrivateFrameworks/AttributeGraph.framework/Versions/A/AttributeGraph
0x000000028a56d000 	/usr/lib/libAXSafeCategoryBundle.dylib
0x00000002359ef000 	/System/Library/Frameworks/TabularData.framework/Versions/A/TabularData
0x000000023c798000 	/System/Library/PrivateFrameworks/ArgumentParserInternal.framework/Versions/A/ArgumentParserInternal
0x0000000196eb5000 	/System/Library/Frameworks/Accelerate.framework/Versions/A/Frameworks/vecLib.framework/Versions/A/libvDSP.dylib
0x0000000198417000 	/System/Library/Frameworks/Accelerate.framework/Versions/A/Frameworks/vecLib.framework/Versions/A/libLAPACK.dylib
0x00000001973eb000 	/System/Library/Frameworks/Accelerate.framework/Versions/A/Frameworks/vecLib.framework/Versions/A/libLinearAlgebra.dylib
0x0000000198313000 	/System/Library/Frameworks/Accelerate.framework/Versions/A/Frameworks/vecLib.framework/Versions/A/libSparseBLAS.dylib
0x0000000198412000 	/System/Library/Frameworks/Accelerate.framework/Versions/A/Frameworks/vecLib.framework/Versions/A/libQuadrature.dylib
0x0000000195e40000 	/System/Library/Frameworks/Accelerate.framework/Versions/A/Frameworks/vecLib.framework/Versions/A/libBNNS.dylib
0x00000001896a4000 	/System/Library/Frameworks/Accelerate.framework/Versions/A/Frameworks/vecLib.framework/Versions/A/libSparse.dylib
0x000000022ed62000 	/System/Library/Frameworks/CoreTransferable.framework/Versions/A/CoreTransferable
0x000000019c66c000 	/System/Library/PrivateFrameworks/NetAuth.framework/Versions/A/NetAuth
0x0000000192d27000 	/System/Library/PrivateFrameworks/login.framework/Versions/A/Frameworks/loginsupport.framework/Versions/A/loginsupport
0x000000018dec9000 	/System/Library/PrivateFrameworks/UIFoundation.framework/Versions/A/UIFoundation
0x0000000197353000 	/usr/lib/libCheckFix.dylib
0x0000000191ead000 	/System/Library/PrivateFrameworks/MetadataUtilities.framework/Versions/A/MetadataUtilities
0x0000000256a83000 	/System/Library/PrivateFrameworks/InstalledContentLibrary.framework/Versions/A/InstalledContentLibrary
0x000000018c60e000 	/System/Library/PrivateFrameworks/CoreServicesStore.framework/Versions/A/CoreServicesStore
0x0000000192b72000 	/usr/lib/libapp_launch_measurement.dylib
0x00000001c8d44000 	/System/Library/PrivateFrameworks/MobileSystemServices.framework/Versions/A/MobileSystemServices
0x00000001996e7000 	/usr/lib/libxslt.1.dylib
0x0000000197312000 	/System/Library/PrivateFrameworks/BackgroundTaskManagement.framework/Versions/A/BackgroundTaskManagement
0x00000001a4ad4000 	/usr/lib/libcurl.4.dylib
0x000000028b339000 	/usr/lib/libcrypto.46.dylib
0x000000028bed2000 	/usr/lib/libssl.48.dylib
0x00000001a47ae000 	/System/Library/Frameworks/LDAP.framework/Versions/A/LDAP
0x00000001a47ea000 	/System/Library/PrivateFrameworks/TrustEvaluationAgent.framework/Versions/A/TrustEvaluationAgent
0x000000019c331000 	/usr/lib/libsasl2.2.dylib
0x00000001a7a45000 	/System/Library/Frameworks/Cocoa.framework/Versions/A/Cocoa
0x000000018c7a6000 	/System/Library/Frameworks/AppKit.framework/Versions/C/AppKit
0x00000002405ba000 	/System/Library/PrivateFrameworks/CollectionViewCore.framework/Versions/A/CollectionViewCore
0x00000001953dc000 	/System/Library/PrivateFrameworks/XCTTargetBootstrap.framework/Versions/A/XCTTargetBootstrap
0x000000019ae06000 	/System/Library/PrivateFrameworks/UserActivity.framework/Versions/A/UserActivity
0x0000000249c76000 	/System/Library/PrivateFrameworks/FrontBoard.framework/Versions/A/FrontBoard
0x000000027dda8000 	/System/Library/PrivateFrameworks/UIIntelligenceSupport.framework/Versions/A/UIIntelligenceSupport
0x0000000234a78000 	/System/Library/Frameworks/SwiftUICore.framework/Versions/A/SwiftUICore
0x00000002848c1000 	/System/Library/PrivateFrameworks/WritingTools.framework/Versions/A/WritingTools
0x00000002836ca000 	/System/Library/PrivateFrameworks/WindowManagement.framework/Versions/A/WindowManagement
0x00000002499ab000 	/System/Library/PrivateFrameworks/FocusEngine.framework/Versions/A/FocusEngine
0x00000002473cd000 	/System/Library/PrivateFrameworks/DesignLibrary.framework/Versions/A/DesignLibrary
0x00000001953c7000 	/System/Library/PrivateFrameworks/DFRFoundation.framework/Versions/A/DFRFoundation
0x000000027ec9c000 	/System/Library/PrivateFrameworks/UpdateCycle.framework/Versions/A/UpdateCycle
0x00000001950cb000 	/System/Library/Frameworks/Carbon.framework/Versions/A/Frameworks/HIToolbox.framework/Versions/A/HIToolbox
0x00000001a039d000 	/System/Library/Frameworks/Carbon.framework/Versions/A/Frameworks/SpeechRecognition.framework/Versions/A/SpeechRecognition
0x0000000192af9000 	/System/Library/PrivateFrameworks/PerformanceAnalysis.framework/Versions/A/PerformanceAnalysis
0x00000001a072c000 	/System/Library/Frameworks/Accessibility.framework/Versions/A/Accessibility
0x00000002359d5000 	/System/Library/Frameworks/Symbols.framework/Versions/A/Symbols
0x0000000252e5c000 	/System/Library/PrivateFrameworks/Gestures.framework/Versions/A/Gestures
0x000000028c2f9000 	/usr/lib/swift/libswiftSpatial.dylib
0x00000001b23b5000 	/usr/lib/swift/libswiftCoreGraphics.dylib
0x00000001a116f000 	/usr/lib/swift/libswiftFoundation.dylib
0x00000001ec6c6000 	/usr/lib/swift/libswiftSwiftOnoneSupport.dylib
0x000000028c57f000 	/usr/lib/swift/libswiftsys_time.dylib
0x00000001d74c5000 	/System/Library/PrivateFrameworks/CoreMaterial.framework/Versions/A/CoreMaterial
0x000000028aa69000 	/usr/lib/libSpatial.dylib
0x000000028a48a000 	/System/Library/SubFrameworks/UIUtilities.framework/Versions/A/UIUtilities
0x000000010625c000 	/opt/homebrew/Cellar/openjdk/25.0.2/libexec/openjdk.jdk/Contents/Home/lib/server/libjvm.dylib
0x0000000100744000 	/opt/homebrew/Cellar/openjdk/25.0.2/libexec/openjdk.jdk/Contents/Home/lib/libjimage.dylib
0x0000000100774000 	/opt/homebrew/Cellar/openjdk/25.0.2/libexec/openjdk.jdk/Contents/Home/lib/libinstrument.dylib
0x00000001007c0000 	/opt/homebrew/Cellar/openjdk/25.0.2/libexec/openjdk.jdk/Contents/Home/lib/libjava.dylib
0x00000001007a8000 	/opt/homebrew/Cellar/openjdk/25.0.2/libexec/openjdk.jdk/Contents/Home/lib/libzip.dylib
0x0000000105af8000 	/opt/homebrew/Cellar/openjdk/25.0.2/libexec/openjdk.jdk/Contents/Home/lib/libnio.dylib
0x0000000100b84000 	/opt/homebrew/Cellar/openjdk/25.0.2/libexec/openjdk.jdk/Contents/Home/lib/libnet.dylib
0x00000001008f0000 	/opt/homebrew/Cellar/openjdk/25.0.2/libexec/openjdk.jdk/Contents/Home/lib/libextnet.dylib
0x0000000100b68000 	/opt/homebrew/Cellar/openjdk/25.0.2/libexec/openjdk.jdk/Contents/Home/lib/libmanagement.dylib
0x0000000105b18000 	/opt/homebrew/Cellar/openjdk/25.0.2/libexec/openjdk.jdk/Contents/Home/lib/libmanagement_ext.dylib
0x0000000105b2c000 	/opt/homebrew/Cellar/openjdk/25.0.2/libexec/openjdk.jdk/Contents/Home/lib/libverify.dylib

JVMTI agents:
/Applications/IntelliJ IDEA.app/Contents/lib/idea_rt.jar path:none, loaded, initialized, instrumentlib options:51078


VM Arguments:
jvm_args: -XX:TieredStopAtLevel=1 -Dspring.output.ansi.enabled=always -javaagent:/Applications/IntelliJ IDEA.app/Contents/lib/idea_rt.jar=51078 -Dfile.encoding=UTF-8 -Dsun.stdout.encoding=UTF-8 -Dsun.stderr.encoding=UTF-8 
java_command: com.example.api_gateway.ApiGatewayApplication
java_class_path (initial): /Users/tamilking/Downloads/api-gateway/target/classes:/Users/tamilking/.m2/repository/org/springframework/boot/spring-boot-starter-webflux/4.0.5/spring-boot-starter-webflux-4.0.5.jar:/Users/tamilking/.m2/repository/org/springframework/boot/spring-boot-starter/4.0.5/spring-boot-starter-4.0.5.jar:/Users/tamilking/.m2/repository/org/springframework/boot/spring-boot-starter-logging/4.0.5/spring-boot-starter-logging-4.0.5.jar:/Users/tamilking/.m2/repository/ch/qos/logback/logback-classic/1.5.32/logback-classic-1.5.32.jar:/Users/tamilking/.m2/repository/ch/qos/logback/logback-core/1.5.32/logback-core-1.5.32.jar:/Users/tamilking/.m2/repository/org/apache/logging/log4j/log4j-to-slf4j/2.25.3/log4j-to-slf4j-2.25.3.jar:/Users/tamilking/.m2/repository/org/apache/logging/log4j/log4j-api/2.25.3/log4j-api-2.25.3.jar:/Users/tamilking/.m2/repository/org/slf4j/jul-to-slf4j/2.0.17/jul-to-slf4j-2.0.17.jar:/Users/tamilking/.m2/repository/org/springframework/boot/spring-boot-autoconfigure/4.0.5/spring-boot-autoconfigure-4.0.5.jar:/Users/tamilking/.m2/repository/jakarta/annotation/jakarta.annotation-api/3.0.0/jakarta.annotation-api-3.0.0.jar:/Users/tamilking/.m2/repository/org/yaml/snakeyaml/2.5/snakeyaml-2.5.jar:/Users/tamilking/.m2/repository/org/springframework/boot/spring-boot-starter-jackson/4.0.5/spring-boot-starter-jackson-4.0.5.jar:/Users/tamilking/.m2/repository/org/springframework/boot/spring-boot-jackson/4.0.5/spring-boot-jackson-4.0.5.jar:/Users/tamilking/.m2/repository/tools/jackson/core/jackson-databind/3.1.0/jackson-databind-3.1.0.jar:/Users/tamilking/.m2/repository/tools/jackson/core/jackson-core/3.1.0/jackson-core-3.1.0.jar:/Users/tamilking/.m2/repository/org/springframework/boot/spring-boot-starter-reactor-netty/4.0.5/spring-boot-starter-reactor-netty-4.0.5.jar:/Users/tamilking/.m2/repository/org/springframework/boot/spring-boot-reactor-netty/4.0.5/spring-boot-reactor-netty-4.0.5.jar:/Users/tamilking/.m2/repository/io/projectreactor/netty/reactor-netty-http/1.3.4/reactor-netty-http-1.3.4.jar:/Users/tamilking/.m2/repository/io/netty/netty-codec-http/4.2.12.Final/netty-codec-http-4.2.12.Final.jar:/Users/tamilking/.m2/repository/io/netty/netty-buffer/4.2.12.Final/netty-buffer-4.2.12.Final.jar:/Users/tamilking/.m2/repository/io/netty/netty-transport/4.2.12.Final/netty-transport-4.2.12.Final.jar:/Users/tamilking/.m2/repository/io/netty/netty-codec-base/4.2.12.Final/netty-codec-base-4.2.12.Final.jar:/Users/tamilking/.m2/repository/io/netty/netty-codec-compression/4.2.12.Final/netty-codec-compression-4.2.12.Final.jar:/Users/tamilking/.m2/repository/io/netty/netty-handler/4.2.12.Final/netty-handler-4.2.12.Final.jar:/Users/tamilking/.m2/repository/io/netty/netty-codec-http2/4.2.12.Final/netty-codec-http2-4.2.12.Final.jar:/Users/tamilking/.m2/repository/io/netty/netty-codec-http3/4.2.12.Final/netty-codec-http3-4.2.12.Final.jar:/Users/tamilking/.m2/repository/io/netty/netty-transport-native-unix-common/4.2.12.Final/netty-transport-native-unix-common-4.2.12.Final.jar:/Users/tamilking/.m2/repository/io/netty/netty-resolver/4.2.12.Final/netty-resolver-4.2.12.Final.jar:/Users/tamilking/.m2/repository/io/netty/netty-codec-classes-quic/4.2.12.Final/netty-codec-classes-quic-4.2.12.Final.jar:/Users/tamilking/.m2/repository/io/netty/netty-codec-native-quic/4.2.12.Final/netty-codec-native-quic-4.2.12.Final-linux-x86_64.jar:/Users/tamilking/.m2/repository/io/netty/netty-codec-native-quic/4.2.12.Final/netty-codec-native-quic-4.2.12.Final-linux-aarch_64.jar:/Users/tamilking/.m2/repository/io/netty/netty-codec-native-quic/4.2.12.Final/netty-codec-native-quic-4.2.12.Final-osx-x86_64.jar:/Users/tamilking/.m2/repository/io/netty/netty-codec-native-quic/4.2.12.Final/netty-codec-native-quic-4.2.12.Final-osx-aarch_64.jar:/Users/tamilking/.m2/repository/io/netty/netty-codec-native-quic/4.2.12.Final/netty-codec-native-quic-4.2.12.Final-windows-x86_64.jar:/Users/tamilking/.m2/repository/io/netty/netty-resolver-dns/4.2.12.Final/netty-resolver-dns-4.2.12.Final.jar:/Users/tamilking/.m2/repository/io/netty/netty-codec-dns/4.2.12.Final/netty-codec-dns-4.2.12.Final.jar:/Users/tamilking/.m2/repository/io/netty/netty-resolver-dns-native-macos/4.2.12.Final/netty-resolver-dns-native-macos-4.2.12.Final-osx-x86_64.jar:/Users/tamilking/.m2/repository/io/netty/netty-resolver-dns-classes-macos/4.2.12.Final/netty-resolver-dns-classes-macos-4.2.12.Final.jar:/Users/tamilking/.m2/repository/io/netty/netty-transport-native-epoll/4.2.12.Final/netty-transport-native-epoll-4.2.12.Final-linux-x86_64.jar:/Users/tamilking/.m2/repository/io/netty/netty-transport-classes-epoll/4.2.12.Final/netty-transport-classes-epoll-4.2.12.Final.jar:/Users/tamilking/.m2/repository/io/projectreactor/netty/reactor-netty-core/1.3.4/reactor-netty-core-1.3.4.jar:/Users/tamilking/.m2/repository/io/netty/netty-handler-proxy/4.2.12.Final/netty-handler-proxy-4.2.12.Final.jar:/Users/tamilking/.m2/repository/io/netty/netty-codec-socks/4.2.12.Final/netty-codec-socks-4.2.12.Final.jar:/Users/tamilking/.m2/repository/org/springframework/spring-web/7.0.6/spring-web-7.0.6.jar:/Users/tamilking/.m2/repository/io/micrometer/micrometer-observation/1.16.4/micrometer-observation-1.16.4.jar:/Users/tamilking/.m2/repository/io/micrometer/micrometer-commons/1.16.4/micrometer-commons-1.16.4.jar:/Users/tamilking/.m2/repository/org/springframework/boot/spring-boot-netty/4.0.5/spring-boot-netty-4.0.5.jar:/Users/tamilking/.m2/repository/io/netty/netty-common/4.2.12.Final/netty-common-4.2.12.Final.jar:/Users/tamilking/.m2/repository/org/springframework/boot/spring-boot-reactor/4.0.5/spring-boot-reactor-4.0.5.jar:/Users/tamilking/.m2/repository/org/springframework/boot/spring-boot/4.0.5/spring-boot-4.0.5.jar:/Users/tamilking/.m2/repository/org/springframework/spring-context/7.0.6/spring-context-7.0.6.jar:/Users/tamilking/.m2/repository/org/springframework/spring-aop/7.0.6/spring-aop-7.0.6.jar:/Users/tamilking/.m2/repository/org/springframework/spring-expression/7.0.6/spring-expression-7.0.6.jar:/Users/tamilking/.m2/repository/io/projectreactor/reactor-core/3.8.4/reactor-core-3.8.4.jar:/Users/tamilking/.m2/repository/org/reactivestreams/reactive-streams/1.0.4/reactive-streams-1.0.4.jar:/Users/tamilking/.m2/repository/org/springframework/boot/spring-boot-webflux/4.0.5/spring-boot-webflux-4.0.5.jar:/Users/tamilking/.m2/repository/org/springframework/boot/spring-boot-http-codec/4.0.5/spring-boot-http-codec-4.0.5.jar:/Users/tamilking/.m2/repository/org/springframework/spring-webflux/7.0.6/spring-webflux-7.0.6.jar:/Users/tamilking/.m2/repository/org/springframework/spring-beans/7.0.6/spring-beans-7.0.6.jar:/Users/tamilking/.m2/repository/org/springframework/boot/spring-boot-web-server/4.0.5/spring-boot-web-server-4.0.5.jar:/Users/tamilking/.m2/repository/org/springframework/cloud/spring-cloud-starter-gateway-server-webmvc/5.0.1/spring-cloud-starter-gateway-server-webmvc-5.0.1.jar:/Users/tamilking/.m2/repository/org/springframework/cloud/spring-cloud-starter/5.0.1/spring-cloud-starter-5.0.1.jar:/Users/tamilking/.m2/repository/org/springframework/cloud/spring-cloud-context/5.0.1/spring-cloud-context-5.0.1.jar:/Users/tamilking/.m2/repository/org/springframework/security/spring-security-crypto/7.0.4/spring-security-crypto-7.0.4.jar:/Users/tamilking/.m2/repository/org/springframework/cloud/spring-cloud-commons/5.0.1/spring-cloud-commons-5.0.1.jar:/Users/tamilking/.m2/repository/org/bouncycastle/bcprov-jdk18on/1.81/bcprov-jdk18on-1.81.jar:/Users/tamilking/.m2/repository/org/springframework/cloud/spring-cloud-gateway-server-webmvc/5.0.1/spring-cloud-gateway-server-webmvc-5.0.1.jar:/Users/tamilking/.m2/repository/org/springframework/boot/spring-boot-restclient/4.0.5/spring-boot-restclient-4.0.5.jar:/Users/tamilking/.m2/repository/org/springframework/boot/spring-boot-http-client/4.0.5/spring-boot-http-client-4.0.5.jar:/Users/tamilking/.m2/repository/org/springframework/boot/spring-boot-starter-validation/4.0.5/spring-boot-starter-validation-4.0.5.jar:/Users/tamilking/.m2/repository/org/springframework/boot/spring-boot-validation/4.0.5/spring-boot-validation-4.0.5.jar:/Users/tamilking/.m2/repository/org/apache/tomcat/embed/tomcat-embed-el/11.0.20/tomcat-embed-el-11.0.20.jar:/Users/tamilking/.m2/repository/org/hibernate/validator/hibernate-validator/9.0.1.Final/hibernate-validator-9.0.1.Final.jar:/Users/tamilking/.m2/repository/jakarta/validation/jakarta.validation-api/3.1.1/jakarta.validation-api-3.1.1.jar:/Users/tamilking/.m2/repository/org/jboss/logging/jboss-logging/3.6.3.Final/jboss-logging-3.6.3.Final.jar:/Users/tamilking/.m2/repository/com/fasterxml/classmate/1.7.3/classmate-1.7.3.jar:/Users/tamilking/.m2/repository/org/springframework/boot/spring-boot-starter-web/4.0.5/spring-boot-starter-web-4.0.5.jar:/Users/tamilking/.m2/repository/org/springframework/boot/spring-boot-starter-tomcat/4.0.5/spring-boot-starter-tomcat-4.0.5.jar:/Users/tamilking/.m2/repository/org/springframework/boot/spring-boot-starter-tomcat-runtime/4.0.5/spring-boot-starter-tomcat-runtime-4.0.5.jar:/Users/tamilking/.m2/repository/org/apache/tomcat/embed/tomcat-embed-core/11.0.20/tomcat-embed-core-11.0.20.jar:/Users/tamilking/.m2/repository/org/apache/tomcat/embed/tomcat-embed-websocket/11.0.20/tomcat-embed-websocket-11.0.20.jar:/Users/tamilking/.m2/repository/org/springframework/boot/spring-boot-tomcat/4.0.5/spring-boot-tomcat-4.0.5.jar:/Users/tamilking/.m2/repository/org/springframework/boot/spring-boot-http-converter/4.0.5/spring-boot-http-converter-4.0.5.jar:/Users/tamilking/.m2/repository/org/springframework/boot/spring-boot-webmvc/4.0.5/spring-boot-webmvc-4.0.5.jar:/Users/tamilking/.m2/repository/org/springframework/boot/spring-boot-servlet/4.0.5/spring-boot-servlet-4.0.5.jar:/Users/tamilking/.m2/repository/org/springframework/spring-webmvc/7.0.6/spring-webmvc-7.0.6.jar:/Users/tamilking/.m2/repository/org/springframework/cloud/spring-cloud-starter-netflix-eureka-client/5.0.1/spring-cloud-starter-netflix-eureka-client-5.0.1.jar:/Users/tamilking/.m2/repository/org/springframework/cloud/spring-cloud-netflix-eureka-client/5.0.1/spring-cloud-netflix-eureka-client-5.0.1.jar:/Users/tamilking/.m2/repository/org/springframework/boot/spring-boot-jackson2/4.0.5/spring-boot-jackson2-4.0.5.jar:/Users/tamilking/.m2/repository/com/fasterxml/jackson/datatype/jackson-datatype-jdk8/2.21.2/jackson-datatype-jdk8-2.21.2.jar:/Users/tamilking/.m2/repository/com/fasterxml/jackson/datatype/jackson-datatype-jsr310/2.21.2/jackson-datatype-jsr310-2.21.2.jar:/Users/tamilking/.m2/repository/com/fasterxml/jackson/module/jackson-module-parameter-names/2.21.2/jackson-module-parameter-names-2.21.2.jar:/Users/tamilking/.m2/repository/org/apache/httpcomponents/client5/httpclient5/5.5.2/httpclient5-5.5.2.jar:/Users/tamilking/.m2/repository/org/apache/httpcomponents/core5/httpcore5/5.3.6/httpcore5-5.3.6.jar:/Users/tamilking/.m2/repository/org/apache/httpcomponents/core5/httpcore5-h2/5.3.6/httpcore5-h2-5.3.6.jar:/Users/tamilking/.m2/repository/com/netflix/eureka/eureka-client/2.0.5/eureka-client-2.0.5.jar:/Users/tamilking/.m2/repository/com/thoughtworks/xstream/xstream/1.4.21/xstream-1.4.21.jar:/Users/tamilking/.m2/repository/io/github/x-stream/mxparser/1.2.2/mxparser-1.2.2.jar:/Users/tamilking/.m2/repository/xmlpull/xmlpull/1.1.3.1/xmlpull-1.1.3.1.jar:/Users/tamilking/.m2/repository/jakarta/ws/rs/jakarta.ws.rs-api/4.0.0/jakarta.ws.rs-api-4.0.0.jar:/Users/tamilking/.m2/repository/jakarta/inject/jakarta.inject-api/2.0.1/jakarta.inject-api-2.0.1.jar:/Users/tamilking/.m2/repository/com/netflix/spectator/spectator-api/1.7.3/spectator-api-1.7.3.jar:/Users/tamilking/.m2/repository/org/slf4j/slf4j-api/2.0.17/slf4j-api-2.0.17.jar:/Users/tamilking/.m2/repository/org/apache/httpcomponents/httpclient/4.5.3/httpclient-4.5.3.jar:/Users/tamilking/.m2/repository/org/apache/httpcomponents/httpcore/4.4.16/httpcore-4.4.16.jar:/Users/tamilking/.m2/repository/commons-codec/commons-codec/1.19.0/commons-codec-1.19.0.jar:/Users/tamilking/.m2/repository/commons-configuration/commons-configuration/1.10/commons-configuration-1.10.jar:/Users/tamilking/.m2/repository/commons-lang/commons-lang/2.6/commons-lang-2.6.jar:/Users/tamilking/.m2/repository/com/fasterxml/jackson/core/jackson-annotations/2.21/jackson-annotations-2.21.jar:/Users/tamilking/.m2/repository/com/fasterxml/jackson/core/jackson-core/2.21.2/jackson-core-2.21.2.jar:/Users/tamilking/.m2/repository/com/fasterxml/jackson/core/jackson-databind/2.21.2/jackson-databind-2.21.2.jar:/Users/tamilking/.m2/repository/com/netflix/netflix-commons/netflix-eventbus/0.3.0/netflix-eventbus-0.3.0.jar:/Users/tamilking/.m2/repository/com/netflix/netflix-commons/netflix-infix/0.3.0/netflix-infix-0.3.0.jar:/Users/tamilking/.m2/repository/commons-jxpath/commons-jxpath/1.3/commons-jxpath-1.3.jar:/Users/tamilking/.m2/repository/joda-time/joda-time/2.3/joda-time-2.3.jar:/Users/tamilking/.m2/repository/org/antlr/antlr-runtime/3.4/antlr-runtime-3.4.jar:/Users/tamilking/.m2/repository/org/antlr/stringtemplate/3.2.1/stringtemplate-3.2.1.jar:/Users/tamilking/.m2/repository/antlr/antlr/2.7.7/antlr-2.7.7.jar:/Users/tamilking/.m2/repository/com/google/code/gson/gson/2.13.2/gson-2.13.2.jar:/Users/tamilking/.m2/repository/com/google/errorprone/error_prone_annotations/2.41.0/error_prone_annotations-2.41.0.jar:/Users/tamilking/.m2/repository/com/netflix/servo/servo-core/0.5.3/servo-core-0.5.3.jar:/Users/tamilking/.m2/repository/org/apache/commons/commons-math/2.2/commons-math-2.2.jar:/Users/tamilking/.m2/repository/javax/annotation/javax.annotation-api/1.2/javax.annotation-api-1.2.jar:/Users/tamilking/.m2/repository/org/codehaus/jettison/jettison/1.5.4/jettison-1.5.4.jar:/Users/tamilking/.m2/repository/org/springframework/cloud/spring-cloud-starter-loadbalancer/5.0.1/spring-cloud-starter-loadbalancer-5.0.1.jar:/Users/tamilking/.m2/repository/org/springframework/cloud/spring-cloud-loadbalancer/5.0.1/spring-cloud-loadbalancer-5.0.1.jar:/Users/tamilking/.m2/repository/io/projectreactor/addons/reactor-extra/3.6.0/reactor-extra-3.6.0.jar:/Users/tamilking/.m2/repository/org/springframework/boot/spring-boot-starter-cache/4.0.5/spring-boot-starter-cache-4.0.5.jar:/Users/tamilking/.m2/repository/org/springframework/boot/spring-boot-cache/4.0.5/spring-boot-cache-4.0.5.jar:/Users/tamilking/.m2/repository/org/springframework/spring-context-support/7.0.6/spring-context-support-7.0.6.jar:/Users/tamilking/.m2/repository/com/stoyanr/evictor/1.0.0/evictor-1.0.0.jar:/Users/tamilking/.m2/repository/org/springframework/spring-core/7.0.6/spring-core-7.0.6.jar:/Users/tamilking/.m2/repository/commons-logging/commons-logging/1.3.6/commons-logging-1.3.6.jar:/Users/tamilking/.m2/repository/org/jspecify/jspecify/1.0.0/jspecify-1.0.0.jar
Launcher Type: SUN_STANDARD

[Global flags]
     intx CICompilerCount                          = 4                                         {product} {ergonomic}
     uint ConcGCThreads                            = 2                                         {product} {ergonomic}
     uint G1ConcRefinementThreads                  = 8                                         {product} {ergonomic}
   size_t G1HeapRegionSize                         = 2097152                                   {product} {ergonomic}
   size_t InitialHeapSize                          = 268435456                                 {product} {ergonomic}
   size_t MarkStackSize                            = 4194304                                   {product} {ergonomic}
   size_t MarkStackSizeMax                         = 536870912                                 {product} {ergonomic}
   size_t MaxHeapSize                              = 4294967296                                {product} {ergonomic}
   size_t MaxNewSize                               = 2575302656                                {product} {ergonomic}
   size_t MinHeapDeltaBytes                        = 2097152                                   {product} {ergonomic}
   size_t MinHeapSize                              = 8388608                                   {product} {ergonomic}
    uintx NonNMethodCodeHeapSize                   = 16384                                  {pd product} {ergonomic}
    uintx NonProfiledCodeHeapSize                  = 0                                      {pd product} {ergonomic}
     bool ProfileInterpreter                       = false                                  {pd product} {command line}
    uintx ProfiledCodeHeapSize                     = 0                                      {pd product} {ergonomic}
   size_t SoftMaxHeapSize                          = 4294967296                             {manageable} {ergonomic}
     intx TieredStopAtLevel                        = 1                                         {product} {command line}
     bool UseCompressedOops                        = true                           {product lp64_product} {ergonomic}
     bool UseG1GC                                  = true                                      {product} {ergonomic}
     bool UseNUMA                                  = false                                     {product} {ergonomic}
     bool UseNUMAInterleaving                      = false                                     {product} {ergonomic}

Logging:
Log output configuration:
 #0: stdout all=warning uptime,level,tags foldmultilines=false
 #1: stderr all=off uptime,level,tags foldmultilines=false

Release file:
IMPLEMENTOR="Homebrew"
IMPLEMENTOR_VERSION="Homebrew"
JAVA_RUNTIME_VERSION="25.0.2"
JAVA_VERSION="25.0.2"
JAVA_VERSION_DATE="2026-01-20"
LIBC="default"
MODULES="java.base java.compiler java.datatransfer java.xml java.prefs java.desktop java.instrument java.logging java.management java.security.sasl java.naming java.rmi java.management.rmi java.net.http java.scripting java.security.jgss java.transaction.xa java.sql java.sql.rowset java.xml.crypto java.se java.smartcardio jdk.accessibility jdk.internal.jvmstat jdk.attach jdk.charsets jdk.internal.opt jdk.zipfs jdk.compiler jdk.crypto.cryptoki jdk.crypto.ec jdk.dynalink jdk.internal.ed jdk.editpad jdk.internal.vm.ci jdk.graal.compiler jdk.graal.compiler.management jdk.hotspot.agent jdk.httpserver jdk.incubator.vector jdk.internal.le jdk.internal.md jdk.jartool jdk.javadoc jdk.jcmd jdk.management jdk.management.agent jdk.jconsole jdk.jdeps jdk.jdwp.agent jdk.jdi jdk.jfr jdk.jlink jdk.jpackage jdk.jshell jdk.jsobject jdk.jstatd jdk.localedata jdk.management.jfr jdk.naming.dns jdk.naming.rmi jdk.net jdk.nio.mapmode jdk.sctp jdk.security.auth jdk.security.jgss jdk.unsupported jdk.unsupported.desktop jdk.xml.dom"
OS_ARCH="aarch64"
OS_NAME="Darwin"
SOURCE=""

Environment Variables:
JAVA_HOME=
PATH=/Users/tamilking/.jenv/shims:/Users/tamilking/.jenv/bin:/opt/local/bin:/opt/local/sbin:/opt/local/bin:/opt/local/sbin:/usr/local/bin:/System/Cryptexes/App/usr/bin:/usr/bin:/bin:/usr/sbin:/sbin:/var/run/com.apple.security.cryptexd/codex.system/bootstrap/usr/local/bin:/var/run/com.apple.security.cryptexd/codex.system/bootstrap/usr/bin:/var/run/com.apple.security.cryptexd/codex.system/bootstrap/usr/appleinternal/bin:/opt/pkg/env/active/bin:/opt/pmk/env/global/bin:/Library/Apple/usr/bin:/opt/homebrew/bin:/Applications/Postgres.app/Contents/Versions/latest/bin
SHELL=/bin/zsh
LANG=C.UTF-8
TMPDIR=/var/folders/24/6wpsxfnd45l7gbfg_b9_fyjw0000gn/T/

Active Locale:
LC_ALL=C.UTF-8
LC_COLLATE=C.UTF-8
LC_CTYPE=C.UTF-8
LC_MESSAGES=C.UTF-8
LC_MONETARY=C.UTF-8
LC_NUMERIC=C.UTF-8
LC_TIME=C.UTF-8

Signal Handlers:
   SIGSEGV: crash_handler in libjvm.dylib, mask=11100110000111110111111111111111, flags=SA_ONSTACK|SA_RESTART|SA_SIGINFO, unblocked
    SIGBUS: crash_handler in libjvm.dylib, mask=11100110000111110111111111111111, flags=SA_RESTART|SA_SIGINFO, unblocked
    SIGFPE: crash_handler in libjvm.dylib, mask=11100110000111110111111111111111, flags=SA_RESTART|SA_SIGINFO, unblocked
   SIGPIPE: javaSignalHandler in libjvm.dylib, mask=11100110000111110111111111111111, flags=SA_RESTART|SA_SIGINFO, blocked
   SIGXFSZ: javaSignalHandler in libjvm.dylib, mask=11100110000111110111111111111111, flags=SA_RESTART|SA_SIGINFO, blocked
    SIGILL: crash_handler in libjvm.dylib, mask=11100110000111110111111111111111, flags=SA_RESTART|SA_SIGINFO, unblocked
   SIGUSR2: SR_handler in libjvm.dylib, mask=00000000000000000000000000000000, flags=SA_RESTART|SA_SIGINFO, blocked
    SIGHUP: UserHandler in libjvm.dylib, mask=11100110000111110111111111111111, flags=SA_RESTART|SA_SIGINFO, blocked
    SIGINT: UserHandler in libjvm.dylib, mask=11100110000111110111111111111111, flags=SA_RESTART|SA_SIGINFO, blocked
   SIGTERM: UserHandler in libjvm.dylib, mask=11100110000111110111111111111111, flags=SA_RESTART|SA_SIGINFO, blocked
   SIGQUIT: UserHandler in libjvm.dylib, mask=11100110000111110111111111111111, flags=SA_RESTART|SA_SIGINFO, blocked
   SIGTRAP: crash_handler in libjvm.dylib, mask=11100110000111110111111111111111, flags=SA_RESTART|SA_SIGINFO, unblocked


Compilation memory statistics disabled.

Periodic native trim disabled

---------------  S Y S T E M  ---------------

OS:
uname: Darwin 25.4.0 Darwin Kernel Version 25.4.0: Thu Mar 19 19:33:09 PDT 2026; root:xnu-12377.101.15~1/RELEASE_ARM64_T8112 arm64
OS uptime: 0 days 2:12 hours
rlimit (soft/hard): STACK 8176k/65520k , CORE 0k/infinity , NPROC 2666/4000 , NOFILE 1048576/infinity , AS infinity/infinity , CPU infinity/infinity , DATA infinity/infinity , FSIZE infinity/infinity , MEMLOCK infinity/infinity , RSS infinity/infinity
load average: 2.15 2.11 2.13

CPU: total 8 (initial active 8) 0x61:0x0:0xda33d83d:0, fp, asimd, aes, pmull, sha1, sha256, crc32, lse, sha3, sha512
machdep.cpu.brand_string:Apple M2
hw.cachelinesize:128
hw.l1icachesize:131072
hw.l1dcachesize:65536
hw.l2cachesize:4194304

Memory: 16k page, physical 16777216k(549664k free), swap 0k(0k free)

vm_info: OpenJDK 64-Bit Server VM (25.0.2) for bsd-aarch64 JRE (25.0.2), built on 2025-12-18T08:04:02Z with clang Apple LLVM 17.0.0 (clang-1700.6.3.2)

END.
